{
  "waveform_mse_mean": 0.005038263276219368,
  "waveform_mse_std": 0.003374711610376835,
  "energy_abs_mean": 5.36384391784668,
  "energy_rel_mean": 0.36609622836112976,
  "peak_loc_error_mean": 1.3564859299931367,
  "peak_loc_error_median": 1.0,
  "peak_count_mae": 1.046,
  "peak_count_acc": 0.27225,
  "peak_recall": 0.8852837525823308,
  "peak_precision": 0.6039127911796403,
  "ghost_recall": 0.7324414715719063,
  "compression_ratio": 5.46875,
  "T": 700,
  "K": 128,
  "width_threshold": 9.0,
  "all_pos_err": 1.1120453299214037,
  "all_intensity_relerr": 0.4334852257302415,
  "all_fwhm_relerr": 0.383552386421115,
  "all_recall": 0.8990961380443714,
  "all_n": 6085,
  "narrow_pos_err": 0.9150179856115108,
  "narrow_intensity_relerr": 0.33513128563105743,
  "narrow_fwhm_relerr": 0.28952124015073655,
  "narrow_recall": 0.8485310950019077,
  "narrow_n": 2621,
  "wide_pos_err": 1.246997228210656,
  "wide_intensity_relerr": 0.5008517680094486,
  "wide_fwhm_relerr": 0.4479580745348575,
  "wide_recall": 0.9373556581986143,
  "wide_n": 3464,
  "object_recall": 0.9649446494464945,
  "object_n": 3794,
  "glass_recall": 0.9979879275653923,
  "glass_n": 497,
  "ghost_n": 1794,
  "all_precision": 0.6125167935512763,
  "encoder": "learnable_linear"
}