{
  "compress": "event",
  "ae_ckpt": null,
  "ae_meta": {
    "k": 8,
    "representation": "taw",
    "intensity_mode": "height",
    "smooth_sigma": 1.5,
    "min_height": 0.03,
    "min_distance": 3,
    "fixed_width": 4.0,
    "fixed_amplitude": 1.0,
    "dim": 24
  },
  "macro_f1": 0.4444568871400469,
  "macro_f1_4class": 0.580273791716373,
  "ignore_visualize_labels": [],
  "per_class_f1": {
    "object": 0.6409658797478904,
    "glass": 0.2562988009142906,
    "ghost": 0.43610598075795953
  },
  "per_class_precision": {
    "object": 0.6741127000932959,
    "glass": 0.18933667524653106,
    "ghost": 0.32912004641550546
  },
  "per_class_recall": {
    "object": 0.6109260142535955,
    "glass": 0.39654293316559314,
    "ghost": 0.646146687195604
  },
  "confusion_matrix": [
    [
      4507845367,
      33732522,
      12511935,
      28281044
    ],
    [
      27337959,
      94556149,
      19729991,
      13151024
    ],
    [
      4251350,
      7193499,
      7638024,
      178658
    ],
    [
      5932691,
      4785398,
      461014,
      20413375
    ]
  ],
  "checkpoint": "/data3/user/yoshida/fwl_mae/neurips2026/checkpoints/paper/pruning0.7merging0.9-vit3d-neurips-refactered/vit3d_lr0.0001_timm-cosine_epoch50_div3_aug-only-cutmix0.2_0.8/0512/vit3d_ordered_pruning_light_finetune_epoch_50_20260512_150711_0.02485.pth"
}