{
  "compress": "event",
  "ae_ckpt": null,
  "ae_meta": {
    "k": 1,
    "representation": "ta",
    "intensity_mode": "height",
    "smooth_sigma": 1.5,
    "min_height": 0.03,
    "min_distance": 3,
    "fixed_width": 4.0,
    "fixed_amplitude": 1.0,
    "dim": 2
  },
  "macro_f1": 0.22358389751688224,
  "macro_f1_4class": 0.41422405240478866,
  "ignore_visualize_labels": [],
  "per_class_f1": {
    "object": 0.4930806639918198,
    "glass": 0.13329215200176098,
    "ghost": 0.04437887655706583
  },
  "per_class_precision": {
    "object": 0.8214389019601911,
    "glass": 0.18708934690976645,
    "ghost": 0.059037792490197215
  },
  "per_class_recall": {
    "object": 0.3522670435868431,
    "glass": 0.10352401374532481,
    "ghost": 0.03555153223498328
  },
  "confusion_matrix": [
    [
      4572907081,
      5849909,
      1209528,
      2404350
    ],
    [
      78303322,
      54522175,
      7180995,
      14768631
    ],
    [
      11379906,
      5159295,
      1994031,
      728299
    ],
    [
      29353088,
      842608,
      273621,
      1123161
    ]
  ],
  "checkpoint": "/data3/user/yoshida/fwl_mae/neurips2026/checkpoints/paper/pruning0.7merging0.9-vit3d-neurips-refactered/vit3d_lr0.0001_timm-cosine_epoch50_div3_aug-only-cutmix0.2_0.8/0512/vit3d_ordered_pruning_light_finetune_epoch_50_20260512_150711_0.02485.pth"
}