{
  "compress": "event",
  "ae_ckpt": null,
  "ae_meta": {
    "k": 4,
    "representation": "ta",
    "intensity_mode": "height",
    "smooth_sigma": 1.5,
    "min_height": 0.03,
    "min_distance": 3,
    "fixed_width": 4.0,
    "fixed_amplitude": 1.0,
    "kernel": "gaussian",
    "emg_tau": 2.65,
    "dim": 8
  },
  "macro_f1": 0.26296744021862256,
  "macro_f1_4class": 0.4438347292553939,
  "ignore_visualize_labels": [],
  "per_class_f1": {
    "object": 0.2717069845400282,
    "glass": 0.17204130884071916,
    "ghost": 0.34515402727512023
  },
  "per_class_precision": {
    "object": 0.7698982581872826,
    "glass": 0.19291584097477363,
    "ghost": 0.22354745290722383
  },
  "per_class_recall": {
    "object": 0.16496211732941088,
    "glass": 0.15524316317327008,
    "ghost": 0.7568926691980287
  },
  "confusion_matrix": [
    [
      4544878999,
      3598323,
      3440086,
      30453460
    ],
    [
      69964935,
      25532032,
      8764126,
      50514030
    ],
    [
      11045038,
      3139259,
      2990221,
      2087013
    ],
    [
      6481413,
      893251,
      305699,
      23912115
    ]
  ],
  "checkpoint": "/data3/user/yoshida/fwl_mae/neurips2026/checkpoints/paper/pruning0.7merging0.9-vit3d-neurips-refactered/vit3d_lr0.0001_timm-cosine_epoch50_div3_aug-only-cutmix0.2_0.8/0512/vit3d_ordered_pruning_light_finetune_epoch_50_20260512_150711_0.02485.pth"
}