{
  "compress": "event",
  "ae_ckpt": null,
  "ae_meta": {
    "k": 8,
    "representation": "tw",
    "intensity_mode": "height",
    "smooth_sigma": 1.5,
    "min_height": 0.03,
    "min_distance": 3,
    "fixed_width": 4.0,
    "fixed_amplitude": 1.0,
    "kernel": "gaussian",
    "emg_tau": 2.65,
    "dim": 16
  },
  "macro_f1": 0.2825982288832721,
  "macro_f1_4class": 0.45621983742847516,
  "ignore_visualize_labels": [],
  "per_class_f1": {
    "object": 0.3438122487658269,
    "glass": 0.16889430592124194,
    "ghost": 0.3350881319627474
  },
  "per_class_precision": {
    "object": 0.41463413699617246,
    "glass": 0.14164086719964625,
    "ghost": 0.25687870508818694
  },
  "per_class_recall": {
    "object": 0.29365439431761914,
    "glass": 0.20913431024771603,
    "ghost": 0.481767242189739
  },
  "confusion_matrix": [
    [
      4481430430,
      56969918,
      7848825,
      36121695
    ],
    [
      85947306,
      45450395,
      15891810,
      7485612
    ],
    [
      12141761,
      2668437,
      4028247,
      423086
    ],
    [
      11174364,
      4526911,
      670982,
      15220221
    ]
  ],
  "checkpoint": "/data3/user/yoshida/fwl_mae/neurips2026/checkpoints/paper/pruning0.7merging0.9-vit3d-neurips-refactered/vit3d_lr0.0001_timm-cosine_epoch50_div3_aug-only-cutmix0.2_0.8/0512/vit3d_ordered_pruning_light_finetune_epoch_50_20260512_150711_0.02485.pth"
}