{
  "compress": "event",
  "ae_ckpt": null,
  "ae_meta": {
    "k": 2,
    "representation": "t",
    "intensity_mode": "height",
    "smooth_sigma": 1.5,
    "min_height": 0.03,
    "min_distance": 3,
    "fixed_width": 4.0,
    "fixed_amplitude": 1.0,
    "kernel": "gaussian",
    "emg_tau": 2.65,
    "dim": 2
  },
  "macro_f1": 0.2525844891537475,
  "macro_f1_4class": 0.43578129934840126,
  "ignore_visualize_labels": [],
  "per_class_f1": {
    "object": 0.275930082891333,
    "glass": 0.18621753220586718,
    "ghost": 0.2956058523640424
  },
  "per_class_precision": {
    "object": 0.759786997821161,
    "glass": 0.1899406013126326,
    "ghost": 0.2058687945054938
  },
  "per_class_recall": {
    "object": 0.1685756566964576,
    "glass": 0.1826376106862949,
    "ghost": 0.5240257506866033
  },
  "confusion_matrix": [
    [
      4550985153,
      3957174,
      3402997,
      24025544
    ],
    [
      80075893,
      26091318,
      10982841,
      37625071
    ],
    [
      10821196,
      2711725,
      3517880,
      2210730
    ],
    [
      12839887,
      1580089,
      617230,
      16555272
    ]
  ],
  "checkpoint": "/data3/user/yoshida/fwl_mae/neurips2026/checkpoints/paper/pruning0.7merging0.9-vit3d-neurips-refactered/vit3d_lr0.0001_timm-cosine_epoch50_div3_aug-only-cutmix0.2_0.8/0512/vit3d_ordered_pruning_light_finetune_epoch_50_20260512_150711_0.02485.pth"
}