{
  "compress": "event",
  "ae_ckpt": null,
  "ae_meta": {
    "k": 1,
    "representation": "tw",
    "intensity_mode": "height",
    "smooth_sigma": 1.5,
    "min_height": 0.03,
    "min_distance": 3,
    "fixed_width": 4.0,
    "fixed_amplitude": 1.0,
    "kernel": "gaussian",
    "emg_tau": 2.65,
    "dim": 2
  },
  "macro_f1": 0.2829095861207501,
  "macro_f1_4class": 0.4590542178430272,
  "ignore_visualize_labels": [],
  "per_class_f1": {
    "object": 0.6959123598405489,
    "glass": 0.12403432192244274,
    "ghost": 0.028782076599258678
  },
  "per_class_precision": {
    "object": 0.6782457295087719,
    "glass": 0.13699732717964916,
    "ghost": 0.0899137163338304
  },
  "per_class_recall": {
    "object": 0.7145239483996404,
    "glass": 0.11331243606751716,
    "ghost": 0.01713328723375229
  },
  "confusion_matrix": [
    [
      4535219658,
      38985425,
      5368592,
      2797193
    ],
    [
      33345819,
      110590532,
      8208448,
      2630324
    ],
    [
      6058729,
      10969004,
      2182571,
      51227
    ],
    [
      28370498,
      2508822,
      171875,
      541283
    ]
  ],
  "checkpoint": "/data3/user/yoshida/fwl_mae/neurips2026/checkpoints/paper/pruning0.7merging0.9-vit3d-neurips-refactered/vit3d_lr0.0001_timm-cosine_epoch50_div3_aug-only-cutmix0.2_0.8/0512/vit3d_ordered_pruning_light_finetune_epoch_50_20260512_150711_0.02485.pth"
}