{
  "compress": "event",
  "ae_ckpt": null,
  "ae_meta": {
    "k": 4,
    "representation": "tw",
    "intensity_mode": "height",
    "smooth_sigma": 1.5,
    "min_height": 0.03,
    "min_distance": 3,
    "fixed_width": 4.0,
    "fixed_amplitude": 1.0,
    "kernel": "gaussian",
    "emg_tau": 2.65,
    "dim": 8
  },
  "macro_f1": 0.3003002342124803,
  "macro_f1_4class": 0.47015816487069534,
  "ignore_visualize_labels": [],
  "per_class_f1": {
    "object": 0.36788060884509904,
    "glass": 0.19243704006601212,
    "ghost": 0.34058305372632974
  },
  "per_class_precision": {
    "object": 0.5164409111489495,
    "glass": 0.1486871117352793,
    "ghost": 0.24636855864128532
  },
  "per_class_recall": {
    "object": 0.2856966167618552,
    "glass": 0.27266700658426374,
    "ghost": 0.5514736450872895
  },
  "confusion_matrix": [
    [
      4496337528,
      34916003,
      9624389,
      41492948
    ],
    [
      79641802,
      44218729,
      19708405,
      11206187
    ],
    [
      11084006,
      2330202,
      5251984,
      595339
    ],
    [
      9275333,
      4157115,
      737611,
      17422419
    ]
  ],
  "checkpoint": "/data3/user/yoshida/fwl_mae/neurips2026/checkpoints/paper/pruning0.7merging0.9-vit3d-neurips-refactered/vit3d_lr0.0001_timm-cosine_epoch50_div3_aug-only-cutmix0.2_0.8/0512/vit3d_ordered_pruning_light_finetune_epoch_50_20260512_150711_0.02485.pth"
}