{
  "compress": "event",
  "ae_ckpt": null,
  "ae_meta": {
    "k": 1,
    "representation": "t",
    "intensity_mode": "height",
    "smooth_sigma": 1.5,
    "min_height": 0.03,
    "min_distance": 3,
    "fixed_width": 4.0,
    "fixed_amplitude": 1.0,
    "kernel": "gaussian",
    "emg_tau": 2.65,
    "dim": 1
  },
  "macro_f1": 0.22358383031107684,
  "macro_f1_4class": 0.41422400286720534,
  "ignore_visualize_labels": [],
  "per_class_f1": {
    "object": 0.49308052064661306,
    "glass": 0.13329206298467508,
    "ghost": 0.0443789073019424
  },
  "per_class_precision": {
    "object": 0.8214389143404707,
    "glass": 0.1870883179282162,
    "ghost": 0.05903781402154522
  },
  "per_class_recall": {
    "object": 0.35226689498415065,
    "glass": 0.10352422141313689,
    "ghost": 0.035551563888087535
  },
  "confusion_matrix": [
    [
      4572907067,
      5849908,
      1209538,
      2404355
    ],
    [
      78303275,
      54522152,
      7181061,
      14768635
    ],
    [
      11379907,
      5159290,
      1994035,
      728299
    ],
    [
      29353087,
      842608,
      273621,
      1123162
    ]
  ],
  "checkpoint": "/data3/user/yoshida/fwl_mae/neurips2026/checkpoints/paper/pruning0.7merging0.9-vit3d-neurips-refactered/vit3d_lr0.0001_timm-cosine_epoch50_div3_aug-only-cutmix0.2_0.8/0512/vit3d_ordered_pruning_light_finetune_epoch_50_20260512_150711_0.02485.pth"
}