{
  "compress": "event",
  "ae_ckpt": null,
  "ae_meta": {
    "k": 4,
    "representation": "taw",
    "intensity_mode": "height",
    "smooth_sigma": 1.5,
    "min_height": 0.03,
    "min_distance": 3,
    "fixed_width": 4.0,
    "fixed_amplitude": 1.0,
    "kernel": "gaussian",
    "emg_tau": 2.65,
    "dim": 12
  },
  "macro_f1": 0.4458447669726276,
  "macro_f1_4class": 0.5813581022525895,
  "ignore_visualize_labels": [],
  "per_class_f1": {
    "object": 0.6467340159992436,
    "glass": 0.24868169129145815,
    "ghost": 0.44211859362718114
  },
  "per_class_precision": {
    "object": 0.6731925011517348,
    "glass": 0.18391098496531144,
    "ghost": 0.3397113601705265
  },
  "per_class_recall": {
    "object": 0.6222766755610978,
    "glass": 0.3838776886427149,
    "ghost": 0.6329123343854192
  },
  "confusion_matrix": [
    [
      4508884379,
      34217011,
      12524972,
      26744506
    ],
    [
      26721011,
      96312949,
      19796227,
      11944936
    ],
    [
      4267867,
      7424720,
      7394072,
      174872
    ],
    [
      5993579,
      5114277,
      489353,
      19995269
    ]
  ],
  "checkpoint": "/data3/user/yoshida/fwl_mae/neurips2026/checkpoints/paper/pruning0.7merging0.9-vit3d-neurips-refactered/vit3d_lr0.0001_timm-cosine_epoch50_div3_aug-only-cutmix0.2_0.8/0512/vit3d_ordered_pruning_light_finetune_epoch_50_20260512_150711_0.02485.pth"
}