{
  "compress": "event",
  "ae_ckpt": null,
  "ae_meta": {
    "k": 2,
    "representation": "ta",
    "intensity_mode": "height",
    "smooth_sigma": 1.5,
    "min_height": 0.03,
    "min_distance": 3,
    "fixed_width": 4.0,
    "fixed_amplitude": 1.0,
    "dim": 4
  },
  "macro_f1": 0.28318025699106747,
  "macro_f1_4class": 0.4591155171046946,
  "ignore_visualize_labels": [],
  "per_class_f1": {
    "object": 0.3405492425540191,
    "glass": 0.16089706935832804,
    "ghost": 0.3480944590608553
  },
  "per_class_precision": {
    "object": 0.7963301424172342,
    "glass": 0.18859151475494224,
    "ghost": 0.24994248417990583
  },
  "per_class_recall": {
    "object": 0.2165859238244637,
    "glass": 0.14029492255833662,
    "ghost": 0.5731820403578346
  },
  "confusion_matrix": [
    [
      4560314938,
      3955488,
      2312518,
      15787924
    ],
    [
      75890322,
      33522113,
      8940278,
      36422410
    ],
    [
      10775048,
      3653131,
      2702295,
      2131057
    ],
    [
      12145486,
      965016,
      373735,
      18108241
    ]
  ],
  "checkpoint": "/data3/user/yoshida/fwl_mae/neurips2026/checkpoints/paper/pruning0.7merging0.9-vit3d-neurips-refactered/vit3d_lr0.0001_timm-cosine_epoch50_div3_aug-only-cutmix0.2_0.8/0512/vit3d_ordered_pruning_light_finetune_epoch_50_20260512_150711_0.02485.pth"
}