{
  "compress": "event",
  "ae_ckpt": null,
  "ae_meta": {
    "k": 2,
    "representation": "tw",
    "intensity_mode": "height",
    "smooth_sigma": 1.5,
    "min_height": 0.03,
    "min_distance": 3,
    "fixed_width": 4.0,
    "fixed_amplitude": 1.0,
    "kernel": "gaussian",
    "emg_tau": 2.65,
    "dim": 4
  },
  "macro_f1": 0.36516431003668837,
  "macro_f1_4class": 0.5205645923287721,
  "ignore_visualize_labels": [],
  "per_class_f1": {
    "object": 0.5809344644795323,
    "glass": 0.21306933722371957,
    "ghost": 0.3014891284068133
  },
  "per_class_precision": {
    "object": 0.6260602785168906,
    "glass": 0.1552390022244743,
    "ghost": 0.24221700621926529
  },
  "per_class_recall": {
    "object": 0.5418765327035147,
    "glass": 0.33956599815456,
    "ghost": 0.39916827670181493
  },
  "confusion_matrix": [
    [
      4510609326,
      34971204,
      12062170,
      24728168
    ],
    [
      33626480,
      83869007,
      22787785,
      14491851
    ],
    [
      5165761,
      7322237,
      6540561,
      232972
    ],
    [
      10439375,
      7800702,
      741686,
      12610715
    ]
  ],
  "checkpoint": "/data3/user/yoshida/fwl_mae/neurips2026/checkpoints/paper/pruning0.7merging0.9-vit3d-neurips-refactered/vit3d_lr0.0001_timm-cosine_epoch50_div3_aug-only-cutmix0.2_0.8/0512/vit3d_ordered_pruning_light_finetune_epoch_50_20260512_150711_0.02485.pth"
}