{
  "compress": "event",
  "ae_ckpt": null,
  "ae_meta": {
    "k": 2,
    "representation": "t",
    "intensity_mode": "height",
    "smooth_sigma": 1.5,
    "min_height": 0.03,
    "min_distance": 3,
    "fixed_width": 4.0,
    "fixed_amplitude": 1.0,
    "dim": 2
  },
  "macro_f1": 0.2525844772446421,
  "macro_f1_4class": 0.4357812896334197,
  "ignore_visualize_labels": [],
  "per_class_f1": {
    "object": 0.275930269587933,
    "glass": 0.18621749918057154,
    "ghost": 0.29560566296542173
  },
  "per_class_precision": {
    "object": 0.7597866789484278,
    "glass": 0.18994081335459867,
    "ghost": 0.20586861566857484
  },
  "per_class_recall": {
    "object": 0.16857581176013667,
    "glass": 0.1826373511015298,
    "ghost": 0.524025719033499
  },
  "confusion_matrix": [
    [
      4550985107,
      3957173,
      3402998,
      24025590
    ],
    [
      80075893,
      26091342,
      10982800,
      37625088
    ],
    [
      10821190,
      2711733,
      3517875,
      2210733
    ],
    [
      12839875,
      1580104,
      617228,
      16555271
    ]
  ],
  "checkpoint": "/data3/user/yoshida/fwl_mae/neurips2026/checkpoints/paper/pruning0.7merging0.9-vit3d-neurips-refactered/vit3d_lr0.0001_timm-cosine_epoch50_div3_aug-only-cutmix0.2_0.8/0512/vit3d_ordered_pruning_light_finetune_epoch_50_20260512_150711_0.02485.pth"
}