{
  "compress": "event",
  "ae_ckpt": null,
  "ae_meta": {
    "k": 6,
    "representation": "tw",
    "intensity_mode": "height",
    "smooth_sigma": 1.5,
    "min_height": 0.03,
    "min_distance": 3,
    "fixed_width": 4.0,
    "fixed_amplitude": 1.0,
    "kernel": "gaussian",
    "emg_tau": 2.65,
    "dim": 12
  },
  "macro_f1": 0.285455335577629,
  "macro_f1_4class": 0.4585661938551343,
  "ignore_visualize_labels": [],
  "per_class_f1": {
    "object": 0.3508701153676545,
    "glass": 0.17173989256841785,
    "ghost": 0.3337559987968145
  },
  "per_class_precision": {
    "object": 0.443959047934149,
    "glass": 0.1412565582514647,
    "ghost": 0.2555255921018892
  },
  "per_class_recall": {
    "object": 0.2900522262870371,
    "glass": 0.21900045224857775,
    "ghost": 0.48102377407685465
  },
  "confusion_matrix": [
    [
      4488514499,
      49113258,
      8238637,
      36504474
    ],
    [
      85788015,
      44892869,
      16732397,
      7361842
    ],
    [
      12036755,
      2597091,
      4218284,
      409401
    ],
    [
      11206318,
      4516174,
      673253,
      15196733
    ]
  ],
  "checkpoint": "/data3/user/yoshida/fwl_mae/neurips2026/checkpoints/paper/pruning0.7merging0.9-vit3d-neurips-refactered/vit3d_lr0.0001_timm-cosine_epoch50_div3_aug-only-cutmix0.2_0.8/0512/vit3d_ordered_pruning_light_finetune_epoch_50_20260512_150711_0.02485.pth"
}