{
  "compress": "event",
  "ae_ckpt": null,
  "ae_meta": {
    "k": 8,
    "representation": "ta",
    "intensity_mode": "height",
    "smooth_sigma": 1.5,
    "min_height": 0.03,
    "min_distance": 3,
    "fixed_width": 4.0,
    "fixed_amplitude": 1.0,
    "dim": 16
  },
  "macro_f1": 0.2556188173897529,
  "macro_f1_4class": 0.4382857287133496,
  "ignore_visualize_labels": [],
  "per_class_f1": {
    "object": 0.260784407862435,
    "glass": 0.1704601890725637,
    "ghost": 0.3356118552342599
  },
  "per_class_precision": {
    "object": 0.7681383784420578,
    "glass": 0.19204446526517147,
    "ghost": 0.2150817821829733
  },
  "per_class_recall": {
    "object": 0.15705191201818655,
    "glass": 0.1532375074442421,
    "ghost": 0.76343406807152
  },
  "confusion_matrix": [
    [
      4542450249,
      3497330,
      3425521,
      32997768
    ],
    [
      69044409,
      24307729,
      8708420,
      52714565
    ],
    [
      11021059,
      2982301,
      2951589,
      2306582
    ],
    [
      6332307,
      857627,
      283770,
      24118774
    ]
  ],
  "checkpoint": "/data3/user/yoshida/fwl_mae/neurips2026/checkpoints/paper/pruning0.7merging0.9-vit3d-neurips-refactered/vit3d_lr0.0001_timm-cosine_epoch50_div3_aug-only-cutmix0.2_0.8/0512/vit3d_ordered_pruning_light_finetune_epoch_50_20260512_150711_0.02485.pth"
}