{
  "compress": "event",
  "ae_ckpt": null,
  "ae_meta": {
    "k": 8,
    "representation": "t",
    "intensity_mode": "height",
    "smooth_sigma": 1.5,
    "min_height": 0.03,
    "min_distance": 3,
    "fixed_width": 4.0,
    "fixed_amplitude": 1.0,
    "dim": 8
  },
  "macro_f1": 0.16552180774451794,
  "macro_f1_4class": 0.36889217825891046,
  "ignore_visualize_labels": [],
  "per_class_f1": {
    "object": 0.13070427770548637,
    "glass": 0.12137312403411746,
    "ghost": 0.24448802149395
  },
  "per_class_precision": {
    "object": 0.35733635326085406,
    "glass": 0.15998610556103768,
    "ghost": 0.17328927622579066
  },
  "per_class_recall": {
    "object": 0.0799793064935894,
    "glass": 0.09777493803581865,
    "ghost": 0.41499590503790174
  },
  "confusion_matrix": [
    [
      4527057668,
      18553626,
      3055087,
      33704487
    ],
    [
      108148584,
      12378807,
      6461656,
      27786076
    ],
    [
      14618698,
      1702683,
      1883295,
      1056855
    ],
    [
      16103376,
      2006775,
      371578,
      13110749
    ]
  ],
  "checkpoint": "/data3/user/yoshida/fwl_mae/neurips2026/checkpoints/paper/pruning0.7merging0.9-vit3d-neurips-refactered/vit3d_lr0.0001_timm-cosine_epoch50_div3_aug-only-cutmix0.2_0.8/0512/vit3d_ordered_pruning_light_finetune_epoch_50_20260512_150711_0.02485.pth"
}