{
  "compress": "event",
  "ae_ckpt": null,
  "ae_meta": {
    "k": 4,
    "representation": "t",
    "intensity_mode": "height",
    "smooth_sigma": 1.5,
    "min_height": 0.03,
    "min_distance": 3,
    "fixed_width": 4.0,
    "fixed_amplitude": 1.0,
    "kernel": "gaussian",
    "emg_tau": 2.65,
    "dim": 4
  },
  "macro_f1": 0.1773673451848142,
  "macro_f1_4class": 0.37818168204032615,
  "ignore_visualize_labels": [],
  "per_class_f1": {
    "object": 0.1198756843450362,
    "glass": 0.1453685916445857,
    "ghost": 0.26685775956482066
  },
  "per_class_precision": {
    "object": 0.47447779929819145,
    "glass": 0.16639630959586202,
    "ghost": 0.17899126146948816
  },
  "per_class_recall": {
    "object": 0.06860418389071479,
    "glass": 0.12905921133683507,
    "ghost": 0.5241737289490239
  },
  "confusion_matrix": [
    [
      4530748116,
      8656575,
      3706137,
      39260040
    ],
    [
      100288184,
      10618221,
      8344618,
      35524100
    ],
    [
      14032168,
      1569385,
      2485878,
      1174100
    ],
    [
      13095091,
      1534571,
      402869,
      16559947
    ]
  ],
  "checkpoint": "/data3/user/yoshida/fwl_mae/neurips2026/checkpoints/paper/pruning0.7merging0.9-vit3d-neurips-refactered/vit3d_lr0.0001_timm-cosine_epoch50_div3_aug-only-cutmix0.2_0.8/0512/vit3d_ordered_pruning_light_finetune_epoch_50_20260512_150711_0.02485.pth"
}