{
  "compress": "event",
  "ae_ckpt": null,
  "ae_meta": {
    "k": 8,
    "representation": "taw",
    "intensity_mode": "height",
    "smooth_sigma": 1.5,
    "min_height": 0.03,
    "min_distance": 3,
    "fixed_width": 4.0,
    "fixed_amplitude": 1.0,
    "kernel": "gaussian",
    "emg_tau": 2.65,
    "dim": 24
  },
  "macro_f1": 0.4444567480713603,
  "macro_f1_4class": 0.5802736890032668,
  "ignore_visualize_labels": [],
  "per_class_f1": {
    "object": 0.6409659365245229,
    "glass": 0.25629896509218336,
    "ghost": 0.4361053425973747
  },
  "per_class_precision": {
    "object": 0.674112424498923,
    "glass": 0.18933692545469819,
    "ghost": 0.3291197958105618
  },
  "per_class_recall": {
    "object": 0.6109263437639135,
    "glass": 0.396542621663875,
    "ghost": 0.6461448513155569
  },
  "confusion_matrix": [
    [
      4507845436,
      33732525,
      12511892,
      28281015
    ],
    [
      27337985,
      94556200,
      19729956,
      13150982
    ],
    [
      4251331,
      7193524,
      7638018,
      178658
    ],
    [
      5932696,
      4785452,
      461013,
      20413317
    ]
  ],
  "checkpoint": "/data3/user/yoshida/fwl_mae/neurips2026/checkpoints/paper/pruning0.7merging0.9-vit3d-neurips-refactered/vit3d_lr0.0001_timm-cosine_epoch50_div3_aug-only-cutmix0.2_0.8/0512/vit3d_ordered_pruning_light_finetune_epoch_50_20260512_150711_0.02485.pth"
}