{
  "compress": "event",
  "ae_ckpt": null,
  "ae_meta": {
    "k": 2,
    "representation": "taw",
    "intensity_mode": "height",
    "smooth_sigma": 1.5,
    "min_height": 0.03,
    "min_distance": 3,
    "fixed_width": 4.0,
    "fixed_amplitude": 1.0,
    "kernel": "gaussian",
    "emg_tau": 2.65,
    "dim": 6
  },
  "macro_f1": 0.4373995038458974,
  "macro_f1_4class": 0.5752947936194468,
  "ignore_visualize_labels": [],
  "per_class_f1": {
    "object": 0.6811616834610544,
    "glass": 0.23082189578507578,
    "ghost": 0.4002149322915619
  },
  "per_class_precision": {
    "object": 0.6663875065140081,
    "glass": 0.1850318448696454,
    "ghost": 0.4384496646468808
  },
  "per_class_recall": {
    "object": 0.6966058169438508,
    "glass": 0.30672831770226366,
    "ghost": 0.3681137959485166
  },
  "confusion_matrix": [
    [
      4524647289,
      37668735,
      9538625,
      10516219
    ],
    [
      26612726,
      107817251,
      16057629,
      4287517
    ],
    [
      4519813,
      8742595,
      5908057,
      91066
    ],
    [
      11972170,
      7565045,
      425636,
      11629627
    ]
  ],
  "checkpoint": "/data3/user/yoshida/fwl_mae/neurips2026/checkpoints/paper/pruning0.7merging0.9-vit3d-neurips-refactered/vit3d_lr0.0001_timm-cosine_epoch50_div3_aug-only-cutmix0.2_0.8/0512/vit3d_ordered_pruning_light_finetune_epoch_50_20260512_150711_0.02485.pth"
}