{
  "compress": "event",
  "ae_ckpt": null,
  "ae_meta": {
    "k": 6,
    "representation": "t",
    "intensity_mode": "height",
    "smooth_sigma": 1.5,
    "min_height": 0.03,
    "min_distance": 3,
    "fixed_width": 4.0,
    "fixed_amplitude": 1.0,
    "kernel": "gaussian",
    "emg_tau": 2.65,
    "dim": 6
  },
  "macro_f1": 0.16818618070237887,
  "macro_f1_4class": 0.37100621909831616,
  "ignore_visualize_labels": [],
  "per_class_f1": {
    "object": 0.13105187447528813,
    "glass": 0.12633802614945944,
    "ghost": 0.2471686414823891
  },
  "per_class_precision": {
    "object": 0.4033697688518906,
    "glass": 0.15965884083600648,
    "ghost": 0.17467511352888132
  },
  "per_class_recall": {
    "object": 0.07823491117496964,
    "glass": 0.10452388234351673,
    "ghost": 0.4225243743146707
  },
  "confusion_matrix": [
    [
      4530679334,
      14276579,
      3249618,
      34165337
    ],
    [
      107829686,
      12108818,
      6969906,
      27866713
    ],
    [
      14584568,
      1624774,
      2013290,
      1038899
    ],
    [
      15857770,
      2008980,
      377136,
      13348592
    ]
  ],
  "checkpoint": "/data3/user/yoshida/fwl_mae/neurips2026/checkpoints/paper/pruning0.7merging0.9-vit3d-neurips-refactered/vit3d_lr0.0001_timm-cosine_epoch50_div3_aug-only-cutmix0.2_0.8/0512/vit3d_ordered_pruning_light_finetune_epoch_50_20260512_150711_0.02485.pth"
}