{
  "compress": "event",
  "ae_ckpt": null,
  "ae_meta": {
    "k": 1,
    "representation": "ta",
    "intensity_mode": "height",
    "smooth_sigma": 1.5,
    "min_height": 0.03,
    "min_distance": 3,
    "fixed_width": 4.0,
    "fixed_amplitude": 1.0,
    "kernel": "gaussian",
    "emg_tau": 2.65,
    "dim": 2
  },
  "macro_f1": 0.2235838636746009,
  "macro_f1_4class": 0.41422402720467455,
  "ignore_visualize_labels": [],
  "per_class_f1": {
    "object": 0.4930803769258958,
    "glass": 0.13329210303817074,
    "ghost": 0.04437911105973615
  },
  "per_class_precision": {
    "object": 0.8214390300334392,
    "glass": 0.18708881486357568,
    "ghost": 0.059038011480886554
  },
  "per_class_recall": {
    "object": 0.3522667269984983,
    "glass": 0.10352411757923086,
    "ghost": 0.035551753806713104
  },
  "confusion_matrix": [
    [
      4572907075,
      5849901,
      1209533,
      2404359
    ],
    [
      78303307,
      54522126,
      7181029,
      14768661
    ],
    [
      11379910,
      5159287,
      1994033,
      728301
    ],
    [
      29353086,
      842603,
      273621,
      1123168
    ]
  ],
  "checkpoint": "/data3/user/yoshida/fwl_mae/neurips2026/checkpoints/paper/pruning0.7merging0.9-vit3d-neurips-refactered/vit3d_lr0.0001_timm-cosine_epoch50_div3_aug-only-cutmix0.2_0.8/0512/vit3d_ordered_pruning_light_finetune_epoch_50_20260512_150711_0.02485.pth"
}