{
  "compress": "event",
  "ae_ckpt": null,
  "ae_meta": {
    "k": 1,
    "representation": "taw",
    "intensity_mode": "height",
    "smooth_sigma": 1.5,
    "min_height": 0.03,
    "min_distance": 3,
    "fixed_width": 4.0,
    "fixed_amplitude": 1.0,
    "kernel": "gaussian",
    "emg_tau": 2.65,
    "dim": 3
  },
  "macro_f1": 0.2829156623996634,
  "macro_f1_4class": 0.4590587656008976,
  "ignore_visualize_labels": [],
  "per_class_f1": {
    "object": 0.6959164638278778,
    "glass": 0.1240497187275412,
    "ghost": 0.028780804643571287
  },
  "per_class_precision": {
    "object": 0.678249200614736,
    "glass": 0.13701812245189016,
    "ghost": 0.0899106836732253
  },
  "per_class_recall": {
    "object": 0.7145287489127048,
    "glass": 0.11332390971413435,
    "ghost": 0.01713249590614576
  },
  "confusion_matrix": [
    [
      4535219790,
      38985323,
      5368598,
      2797157
    ],
    [
      33346125,
      110591275,
      8207413,
      2630310
    ],
    [
      6058797,
      10968715,
      2182792,
      51227
    ],
    [
      28370611,
      2508731,
      171878,
      541258
    ]
  ],
  "checkpoint": "/data3/user/yoshida/fwl_mae/neurips2026/checkpoints/paper/pruning0.7merging0.9-vit3d-neurips-refactered/vit3d_lr0.0001_timm-cosine_epoch50_div3_aug-only-cutmix0.2_0.8/0512/vit3d_ordered_pruning_light_finetune_epoch_50_20260512_150711_0.02485.pth"
}