{
  "compress": "event",
  "ae_ckpt": null,
  "ae_meta": {
    "k": 2,
    "representation": "ta",
    "intensity_mode": "height",
    "smooth_sigma": 1.5,
    "min_height": 0.03,
    "min_distance": 3,
    "fixed_width": 4.0,
    "fixed_amplitude": 1.0,
    "kernel": "gaussian",
    "emg_tau": 2.65,
    "dim": 4
  },
  "macro_f1": 0.28318033684912974,
  "macro_f1_4class": 0.4591155762788081,
  "ignore_visualize_labels": [],
  "per_class_f1": {
    "object": 0.3405491573830229,
    "glass": 0.16089704201200342,
    "ghost": 0.348094811152363
  },
  "per_class_precision": {
    "object": 0.7963297350455374,
    "glass": 0.1885911581716603,
    "ghost": 0.24994282917777924
  },
  "per_class_recall": {
    "object": 0.21658588505854393,
    "glass": 0.14029507830919566,
    "ghost": 0.5731821353171473
  },
  "confusion_matrix": [
    [
      4560314940,
      3955497,
      2312523,
      15787908
    ],
    [
      75890368,
      33522107,
      8940308,
      36422340
    ],
    [
      10775055,
      3653126,
      2702298,
      2131052
    ],
    [
      12145462,
      965032,
      373740,
      18108244
    ]
  ],
  "checkpoint": "/data3/user/yoshida/fwl_mae/neurips2026/checkpoints/paper/pruning0.7merging0.9-vit3d-neurips-refactered/vit3d_lr0.0001_timm-cosine_epoch50_div3_aug-only-cutmix0.2_0.8/0512/vit3d_ordered_pruning_light_finetune_epoch_50_20260512_150711_0.02485.pth"
}