{
  "compress": "event",
  "ae_ckpt": null,
  "ae_meta": {
    "k": 6,
    "representation": "taw",
    "intensity_mode": "height",
    "smooth_sigma": 1.5,
    "min_height": 0.03,
    "min_distance": 3,
    "fixed_width": 4.0,
    "fixed_amplitude": 1.0,
    "kernel": "gaussian",
    "emg_tau": 2.65,
    "dim": 18
  },
  "macro_f1": 0.44149447299411887,
  "macro_f1_4class": 0.578046645924438,
  "ignore_visualize_labels": [],
  "per_class_f1": {
    "object": 0.6400111301195447,
    "glass": 0.25260812537605615,
    "ghost": 0.4318641634867559
  },
  "per_class_precision": {
    "object": 0.6720668267338211,
    "glass": 0.18603981403515002,
    "ghost": 0.3252995556494674
  },
  "per_class_recall": {
    "object": 0.6108741519139351,
    "glass": 0.39335881451998805,
    "ghost": 0.6422623448531007
  },
  "confusion_matrix": [
    [
      4507179309,
      33944151,
      12704224,
      28543184
    ],
    [
      26923421,
      94548122,
      19946171,
      13357409
    ],
    [
      4175960,
      7324825,
      7576693,
      184053
    ],
    [
      5937194,
      4865522,
      499103,
      20290659
    ]
  ],
  "checkpoint": "/data3/user/yoshida/fwl_mae/neurips2026/checkpoints/paper/pruning0.7merging0.9-vit3d-neurips-refactered/vit3d_lr0.0001_timm-cosine_epoch50_div3_aug-only-cutmix0.2_0.8/0512/vit3d_ordered_pruning_light_finetune_epoch_50_20260512_150711_0.02485.pth"
}