{
  "compress": "event",
  "ae_ckpt": null,
  "ae_meta": {
    "k": 8,
    "representation": "t",
    "intensity_mode": "height",
    "smooth_sigma": 1.5,
    "min_height": 0.03,
    "min_distance": 3,
    "fixed_width": 4.0,
    "fixed_amplitude": 1.0,
    "kernel": "gaussian",
    "emg_tau": 2.65,
    "dim": 8
  },
  "macro_f1": 0.16552184531603512,
  "macro_f1_4class": 0.3688922083471713,
  "ignore_visualize_labels": [],
  "per_class_f1": {
    "object": 0.1307043431278725,
    "glass": 0.12137321194783345,
    "ghost": 0.2444879808723994
  },
  "per_class_precision": {
    "object": 0.3573365574070328,
    "glass": 0.1599862720562438,
    "ghost": 0.17328922989212814
  },
  "per_class_recall": {
    "object": 0.07997934525950919,
    "glass": 0.09777498995277167,
    "ghost": 0.414995936691006
  },
  "confusion_matrix": [
    [
      4527057695,
      18553620,
      3055082,
      33704471
    ],
    [
      108148539,
      12378813,
      6461654,
      27786117
    ],
    [
      14618700,
      1702680,
      1883296,
      1056855
    ],
    [
      16103375,
      2006775,
      371578,
      13110750
    ]
  ],
  "checkpoint": "/data3/user/yoshida/fwl_mae/neurips2026/checkpoints/paper/pruning0.7merging0.9-vit3d-neurips-refactered/vit3d_lr0.0001_timm-cosine_epoch50_div3_aug-only-cutmix0.2_0.8/0512/vit3d_ordered_pruning_light_finetune_epoch_50_20260512_150711_0.02485.pth"
}