{
  "compress": "event",
  "ae_ckpt": null,
  "ae_meta": {
    "k": 6,
    "representation": "ta",
    "intensity_mode": "height",
    "smooth_sigma": 1.5,
    "min_height": 0.03,
    "min_distance": 3,
    "fixed_width": 4.0,
    "fixed_amplitude": 1.0,
    "kernel": "gaussian",
    "emg_tau": 2.65,
    "dim": 12
  },
  "macro_f1": 0.25772155607094555,
  "macro_f1_4class": 0.43986935192422955,
  "ignore_visualize_labels": [],
  "per_class_f1": {
    "object": 0.2643419963165603,
    "glass": 0.17042550150716834,
    "ghost": 0.33839717038910805
  },
  "per_class_precision": {
    "object": 0.7662216662472058,
    "glass": 0.19067591267159398,
    "ghost": 0.2175227033475361
  },
  "per_class_recall": {
    "object": 0.15972269652145585,
    "glass": 0.15406345424982054,
    "ghost": 0.7616183193986873
  },
  "confusion_matrix": [
    [
      4542921245,
      3570335,
      3497688,
      32381600
    ],
    [
      69199172,
      24721100,
      8817433,
      52037418
    ],
    [
      11067898,
      3090937,
      2967498,
      2135198
    ],
    [
      6369373,
      881268,
      280427,
      24061410
    ]
  ],
  "checkpoint": "/data3/user/yoshida/fwl_mae/neurips2026/checkpoints/paper/pruning0.7merging0.9-vit3d-neurips-refactered/vit3d_lr0.0001_timm-cosine_epoch50_div3_aug-only-cutmix0.2_0.8/0512/vit3d_ordered_pruning_light_finetune_epoch_50_20260512_150711_0.02485.pth"
}