{
  "compress": "event",
  "ae_ckpt": null,
  "ae_meta": {
    "k": 3,
    "representation": "taw",
    "intensity_mode": "height",
    "smooth_sigma": 1.5,
    "min_height": 0.03,
    "min_distance": 3,
    "fixed_width": 4.0,
    "fixed_amplitude": 1.0,
    "kernel": "gaussian",
    "emg_tau": 2.65,
    "dim": 9
  },
  "macro_f1": 0.45251093321437125,
  "macro_f1_4class": 0.5865016415939436,
  "ignore_visualize_labels": [],
  "per_class_f1": {
    "object": 0.6579491873543477,
    "glass": 0.2467478624063789,
    "ghost": 0.452835749882387
  },
  "per_class_precision": {
    "object": 0.6733304353574697,
    "glass": 0.18368702611418544,
    "ghost": 0.3770311660010691
  },
  "per_class_recall": {
    "object": 0.6432549693402602,
    "glass": 0.37574245785550486,
    "ghost": 0.5667932410999859
  },
  "confusion_matrix": [
    [
      4515158034,
      34584353,
      12115008,
      20513473
    ],
    [
      26753354,
      99559867,
      19516714,
      8945188
    ],
    [
      4239979,
      7656077,
      7237375,
      128100
    ],
    [
      7093066,
      6061528,
      531481,
      17906403
    ]
  ],
  "checkpoint": "/data3/user/yoshida/fwl_mae/neurips2026/checkpoints/paper/pruning0.7merging0.9-vit3d-neurips-refactered/vit3d_lr0.0001_timm-cosine_epoch50_div3_aug-only-cutmix0.2_0.8/0512/vit3d_ordered_pruning_light_finetune_epoch_50_20260512_150711_0.02485.pth"
}