{
  "compress": "event",
  "ae_ckpt": null,
  "ae_meta": {
    "k": 6,
    "representation": "tw",
    "intensity_mode": "height",
    "smooth_sigma": 1.5,
    "min_height": 0.03,
    "min_distance": 3,
    "fixed_width": 4.0,
    "fixed_amplitude": 1.0,
    "dim": 12
  },
  "macro_f1": 0.28545573720894196,
  "macro_f1_4class": 0.4585664940717172,
  "ignore_visualize_labels": [],
  "per_class_f1": {
    "object": 0.3508712450916573,
    "glass": 0.17173960554071513,
    "ghost": 0.33375636099445355
  },
  "per_class_precision": {
    "object": 0.44395938065742907,
    "glass": 0.1412564074873106,
    "ghost": 0.25552581127048507
  },
  "per_class_recall": {
    "object": 0.2900536283211353,
    "glass": 0.21899988116209454,
    "ghost": 0.48102450209825265
  },
  "confusion_matrix": [
    [
      4488514282,
      49113448,
      8238643,
      36504495
    ],
    [
      85787862,
      44893086,
      16732337,
      7361838
    ],
    [
      12036753,
      2597105,
      4218273,
      409400
    ],
    [
      11206284,
      4516166,
      673272,
      15196756
    ]
  ],
  "checkpoint": "/data3/user/yoshida/fwl_mae/neurips2026/checkpoints/paper/pruning0.7merging0.9-vit3d-neurips-refactered/vit3d_lr0.0001_timm-cosine_epoch50_div3_aug-only-cutmix0.2_0.8/0512/vit3d_ordered_pruning_light_finetune_epoch_50_20260512_150711_0.02485.pth"
}