{
  "compress": "event",
  "ae_ckpt": null,
  "ae_meta": {
    "k": 3,
    "representation": "t",
    "intensity_mode": "height",
    "smooth_sigma": 1.5,
    "min_height": 0.03,
    "min_distance": 3,
    "fixed_width": 4.0,
    "fixed_amplitude": 1.0,
    "kernel": "gaussian",
    "emg_tau": 2.65,
    "dim": 3
  },
  "macro_f1": 0.19623543701819882,
  "macro_f1_4class": 0.39277622466462825,
  "ignore_visualize_labels": [],
  "per_class_f1": {
    "object": 0.12749392658449993,
    "glass": 0.17429065700161087,
    "ghost": 0.2869217274684856
  },
  "per_class_precision": {
    "object": 0.6140983687941483,
    "glass": 0.17133698849647322,
    "ghost": 0.18689426860954633
  },
  "per_class_recall": {
    "object": 0.07113074625048109,
    "glass": 0.17734794809405338,
    "ghost": 0.6173131781558889
  },
  "confusion_matrix": [
    [
      4532863643,
      4397593,
      4573141,
      40536491
    ],
    [
      89903263,
      11009270,
      11281294,
      42581296
    ],
    [
      12620868,
      1494717,
      3415993,
      1729953
    ],
    [
      10397221,
      1025955,
      666849,
      19502453
    ]
  ],
  "checkpoint": "/data3/user/yoshida/fwl_mae/neurips2026/checkpoints/paper/pruning0.7merging0.9-vit3d-neurips-refactered/vit3d_lr0.0001_timm-cosine_epoch50_div3_aug-only-cutmix0.2_0.8/0512/vit3d_ordered_pruning_light_finetune_epoch_50_20260512_150711_0.02485.pth"
}