{
  "compress": "event",
  "ae_ckpt": null,
  "ae_meta": {
    "k": 4,
    "representation": "tw",
    "intensity_mode": "height",
    "smooth_sigma": 1.5,
    "min_height": 0.03,
    "min_distance": 3,
    "fixed_width": 4.0,
    "fixed_amplitude": 1.0,
    "dim": 8
  },
  "macro_f1": 0.3003001836216148,
  "macro_f1_4class": 0.47015812809449653,
  "ignore_visualize_labels": [],
  "per_class_f1": {
    "object": 0.3678805935420657,
    "glass": 0.19243724668675355,
    "ghost": 0.34058271063602513
  },
  "per_class_precision": {
    "object": 0.5164408508326108,
    "glass": 0.14868737387578165,
    "ghost": 0.24636834488453893
  },
  "per_class_recall": {
    "object": 0.2856966167618552,
    "glass": 0.2726669546673107,
    "ghost": 0.5514729170658914
  },
  "confusion_matrix": [
    [
      4496337594,
      34916013,
      9624363,
      41492898
    ],
    [
      79641809,
      44218729,
      19708365,
      11206220
    ],
    [
      11084004,
      2330197,
      5251983,
      595347
    ],
    [
      9275353,
      4157120,
      737609,
      17422396
    ]
  ],
  "checkpoint": "/data3/user/yoshida/fwl_mae/neurips2026/checkpoints/paper/pruning0.7merging0.9-vit3d-neurips-refactered/vit3d_lr0.0001_timm-cosine_epoch50_div3_aug-only-cutmix0.2_0.8/0512/vit3d_ordered_pruning_light_finetune_epoch_50_20260512_150711_0.02485.pth"
}