{
  "compress": "event",
  "ae_ckpt": null,
  "ae_meta": {
    "k": 8,
    "representation": "ta",
    "intensity_mode": "height",
    "smooth_sigma": 1.5,
    "min_height": 0.03,
    "min_distance": 3,
    "fixed_width": 4.0,
    "fixed_amplitude": 1.0,
    "kernel": "gaussian",
    "emg_tau": 2.65,
    "dim": 16
  },
  "macro_f1": 0.2556189855387442,
  "macro_f1_4class": 0.43828585549284926,
  "ignore_visualize_labels": [],
  "per_class_f1": {
    "object": 0.2607844596535068,
    "glass": 0.17046039907715801,
    "ghost": 0.3356120978855678
  },
  "per_class_precision": {
    "object": 0.7681378860919629,
    "glass": 0.19204459066363136,
    "ghost": 0.2150819764757399
  },
  "per_class_recall": {
    "object": 0.15705197016706618,
    "glass": 0.15323776702900718,
    "ghost": 0.7634341313777285
  },
  "confusion_matrix": [
    [
      4542450283,
      3497335,
      3425526,
      32997724
    ],
    [
      69044424,
      24307738,
      8708426,
      52714535
    ],
    [
      11021061,
      2982314,
      2951594,
      2306562
    ],
    [
      6332300,
      857632,
      283770,
      24118776
    ]
  ],
  "checkpoint": "/data3/user/yoshida/fwl_mae/neurips2026/checkpoints/paper/pruning0.7merging0.9-vit3d-neurips-refactered/vit3d_lr0.0001_timm-cosine_epoch50_div3_aug-only-cutmix0.2_0.8/0512/vit3d_ordered_pruning_light_finetune_epoch_50_20260512_150711_0.02485.pth"
}