{
  "compress": "event",
  "ae_ckpt": null,
  "ae_meta": {
    "k": 3,
    "representation": "ta",
    "intensity_mode": "height",
    "smooth_sigma": 1.5,
    "min_height": 0.03,
    "min_distance": 3,
    "fixed_width": 4.0,
    "fixed_amplitude": 1.0,
    "kernel": "gaussian",
    "emg_tau": 2.65,
    "dim": 6
  },
  "macro_f1": 0.27272282905712825,
  "macro_f1_4class": 0.45118985334438083,
  "ignore_visualize_labels": [],
  "per_class_f1": {
    "object": 0.2873286990764905,
    "glass": 0.17144194488431255,
    "ghost": 0.35939784321058177
  },
  "per_class_precision": {
    "object": 0.7719834439567492,
    "glass": 0.19380689983115965,
    "ghost": 0.2403396926590736
  },
  "per_class_recall": {
    "object": 0.17651301753447807,
    "glass": 0.1537047081044596,
    "ghost": 0.7122070323195288
  },
  "confusion_matrix": [
    [
      4551186697,
      3728095,
      3090617,
      24365459
    ],
    [
      73825131,
      27319824,
      8873990,
      44756178
    ],
    [
      10928078,
      3375790,
      2960588,
      1997075
    ],
    [
      7775897,
      965423,
      350773,
      22500385
    ]
  ],
  "checkpoint": "/data3/user/yoshida/fwl_mae/neurips2026/checkpoints/paper/pruning0.7merging0.9-vit3d-neurips-refactered/vit3d_lr0.0001_timm-cosine_epoch50_div3_aug-only-cutmix0.2_0.8/0512/vit3d_ordered_pruning_light_finetune_epoch_50_20260512_150711_0.02485.pth"
}