{
  "compress": "event",
  "ae_ckpt": null,
  "ae_meta": {
    "k": 1,
    "representation": "tw",
    "intensity_mode": "height",
    "smooth_sigma": 1.5,
    "min_height": 0.03,
    "min_distance": 3,
    "fixed_width": 4.0,
    "fixed_amplitude": 1.0,
    "dim": 2
  },
  "macro_f1": 0.2829098556893083,
  "macro_f1_4class": 0.4590544203069163,
  "ignore_visualize_labels": [],
  "per_class_f1": {
    "object": 0.6959124654172466,
    "glass": 0.1240351007900593,
    "ghost": 0.028782000860618946
  },
  "per_class_precision": {
    "object": 0.6782457554306562,
    "glass": 0.1369980133098386,
    "ghost": 0.0899139815418206
  },
  "per_class_recall": {
    "object": 0.7145241422292392,
    "glass": 0.11331326673876548,
    "ghost": 0.017133223927543767
  },
  "confusion_matrix": [
    [
      4535219646,
      38985451,
      5368602,
      2797169
    ],
    [
      33345792,
      110590562,
      8208459,
      2630310
    ],
    [
      6058730,
      10968987,
      2182587,
      51227
    ],
    [
      28370501,
      2508821,
      171875,
      541281
    ]
  ],
  "checkpoint": "/data3/user/yoshida/fwl_mae/neurips2026/checkpoints/paper/pruning0.7merging0.9-vit3d-neurips-refactered/vit3d_lr0.0001_timm-cosine_epoch50_div3_aug-only-cutmix0.2_0.8/0512/vit3d_ordered_pruning_light_finetune_epoch_50_20260512_150711_0.02485.pth"
}