{
  "compress": "none",
  "ae_ckpt": null,
  "ae_meta": null,
  "macro_f1": 0.5167891948000406,
  "macro_f1_4class": 0.6349180423257735,
  "ignore_visualize_labels": [],
  "per_class_f1": {
    "object": 0.6938998690206947,
    "glass": 0.2983276560957648,
    "ghost": 0.5581400592836623
  },
  "per_class_precision": {
    "object": 0.7305215196286953,
    "glass": 0.21793290280325367,
    "ghost": 0.4353219563228106
  },
  "per_class_recall": {
    "object": 0.6607746851617643,
    "glass": 0.4727082072189921,
    "ghost": 0.7774964049101551
  },
  "confusion_matrix": [
    [
      4516496822,
      28690797,
      11321159,
      25618803
    ],
    [
      23736057,
      101895694,
      22526484,
      6048178
    ],
    [
      4287642,
      6217462,
      9524462,
      119147
    ],
    [
      4001631,
      2679541,
      331539,
      24504582
    ]
  ],
  "checkpoint": "/data3/user/yoshida/fwl_mae/neurips2026/checkpoints/paper/pruning0.7merging0.9-vit3d-neurips-refactered/vit3d_lr0.0001_timm-cosine_epoch50_div3_aug-only-cutmix0.2_0.8/0512/vit3d_ordered_pruning_light_finetune_epoch_50_20260512_150711_0.02485.pth"
}