{
  "compress": "none",
  "ae_ckpt": null,
  "ae_meta": null,
  "macro_f1": 0.5167096202577591,
  "macro_f1_4class": 0.6349052916839826,
  "ignore_visualize_labels": [],
  "per_class_f1": {
    "object": 0.6840834140704909,
    "glass": 0.3081466230559933,
    "ghost": 0.5578988236467934
  },
  "per_class_precision": {
    "object": 0.7299707832800315,
    "glass": 0.2238404085479612,
    "ghost": 0.44147074561388755
  },
  "per_class_recall": {
    "object": 0.6436239717215911,
    "glass": 0.4943280496377114,
    "ghost": 0.75773439679607
  },
  "confusion_matrix": [
    [
      4519787999,
      28021159,
      10829504,
      23488919
    ],
    [
      25094138,
      99250944,
      23258289,
      6603042
    ],
    [
      4080761,
      5985722,
      9960074,
      122156
    ],
    [
      4479291,
      2707814,
      448451,
      23881737
    ]
  ],
  "checkpoint": "/data3/user/yoshida/fwl_mae/neurips2026/checkpoints/paper/pruning0.7merging0.9-vit3d-neurips-refactered/vit3d_lr0.0001_timm-cosine_epoch50_div3_aug-only-cutmix0.2_0.5/0511/vit3d_ordered_pruning_light_finetune_epoch_50_20260511_235815_0.02608.pth"
}