{
  "compress": "event",
  "ae_ckpt": null,
  "ae_meta": {
    "k": 4,
    "representation": "taw",
    "intensity_mode": "height",
    "smooth_sigma": 1.5,
    "min_height": 0.03,
    "min_distance": 3,
    "fixed_width": 4.0,
    "fixed_amplitude": 1.0,
    "kernel": "gaussian",
    "emg_tau": 2.65,
    "dim": 12
  },
  "macro_f1": 0.4080646964044732,
  "macro_f1_4class": 0.5527782850924408,
  "ignore_visualize_labels": [],
  "per_class_f1": {
    "object": 0.5802398455014742,
    "glass": 0.25278727076078805,
    "ghost": 0.3911669729511572
  },
  "per_class_precision": {
    "object": 0.6643183424202188,
    "glass": 0.19566531398428164,
    "ghost": 0.27403254019126205
  },
  "per_class_recall": {
    "object": 0.5150529132514403,
    "glass": 0.3570124306318122,
    "ghost": 0.6831980384697902
  },
  "confusion_matrix": [
    [
      4508474844,
      29525066,
      8836152,
      35534806
    ],
    [
      34837752,
      79717378,
      19014417,
      21205576
    ],
    [
      4870180,
      7074973,
      6876606,
      439772
    ],
    [
      5909653,
      3681344,
      417562,
      21583919
    ]
  ],
  "checkpoint": "/data3/user/yoshida/fwl_mae/neurips2026/checkpoints/neurips_best/vit3d_ordered_pruning_light_finetune_epoch_50_20260423_221908_0.02523.pth"
}