{
  "compress": "event",
  "ae_ckpt": null,
  "ae_meta": {
    "k": 3,
    "representation": "taw",
    "intensity_mode": "height",
    "smooth_sigma": 1.5,
    "min_height": 0.03,
    "min_distance": 3,
    "fixed_width": 4.0,
    "fixed_amplitude": 1.0,
    "kernel": "emg",
    "emg_tau": 2.65,
    "dim": 9
  },
  "macro_f1": 0.38626355750780167,
  "macro_f1_4class": 0.5360267901610958,
  "ignore_visualize_labels": [],
  "per_class_f1": {
    "object": 0.5844104544392726,
    "glass": 0.23359734158466702,
    "ghost": 0.3407828764994652
  },
  "per_class_precision": {
    "object": 0.6062842910786048,
    "glass": 0.17908014041034842,
    "ghost": 0.25369927663728187
  },
  "per_class_recall": {
    "object": 0.5640600072403108,
    "glass": 0.33583540166147746,
    "ghost": 0.5188969665500757
  },
  "confusion_matrix": [
    [
      4495819955,
      42824742,
      11373906,
      32352265
    ],
    [
      34077683,
      87302457,
      17855912,
      15539071
    ],
    [
      4842251,
      7618331,
      6468704,
      332245
    ],
    [
      8525542,
      6250378,
      423317,
      16393241
    ]
  ],
  "checkpoint": "/data3/user/yoshida/fwl_mae/neurips2026/checkpoints/neurips_best/vit3d_ordered_pruning_light_finetune_epoch_50_20260423_221908_0.02523.pth"
}