{
  "compress": "event",
  "ae_ckpt": null,
  "ae_meta": {
    "k": 2,
    "representation": "taw",
    "intensity_mode": "height",
    "smooth_sigma": 1.5,
    "min_height": 0.03,
    "min_distance": 3,
    "fixed_width": 4.0,
    "fixed_amplitude": 1.0,
    "kernel": "gaussian",
    "emg_tau": 2.65,
    "dim": 6
  },
  "macro_f1": 0.42558313448123575,
  "macro_f1_4class": 0.566101839133679,
  "ignore_visualize_labels": [],
  "per_class_f1": {
    "object": 0.6061168803870592,
    "glass": 0.24661773109756005,
    "ghost": 0.424014791959088
  },
  "per_class_precision": {
    "object": 0.7019711271893594,
    "glass": 0.18824880417312104,
    "ghost": 0.31858397659128684
  },
  "per_class_recall": {
    "object": 0.5332953345480462,
    "glass": 0.3574494675423257,
    "ghost": 0.6337429751474386
  },
  "confusion_matrix": [
    [
      4520197902,
      26184834,
      10904054,
      25084078
    ],
    [
      36754400,
      82540851,
      18243199,
      17236673
    ],
    [
      5075872,
      6797580,
      6885024,
      503055
    ],
    [
      8968048,
      2061131,
      541788,
      20021511
    ]
  ],
  "checkpoint": "/data3/user/yoshida/fwl_mae/neurips2026/checkpoints/neurips_best/vit3d_ordered_pruning_light_finetune_epoch_50_20260423_221908_0.02523.pth"
}