{
  "compress": "event",
  "ae_ckpt": null,
  "ae_meta": {
    "k": 2,
    "representation": "taw",
    "intensity_mode": "height",
    "smooth_sigma": 1.5,
    "min_height": 0.03,
    "min_distance": 3,
    "fixed_width": 4.0,
    "fixed_amplitude": 1.0,
    "kernel": "emg",
    "emg_tau": 2.65,
    "dim": 6
  },
  "macro_f1": 0.4042269272557985,
  "macro_f1_4class": 0.5496425711240848,
  "ignore_visualize_labels": [],
  "per_class_f1": {
    "object": 0.6131238624356123,
    "glass": 0.2168853668406169,
    "ghost": 0.38267155249116624
  },
  "per_class_precision": {
    "object": 0.6328147735874272,
    "glass": 0.1589137906313182,
    "ghost": 0.32063396025396707
  },
  "per_class_recall": {
    "object": 0.5946213914493222,
    "glass": 0.34144362667744327,
    "ghost": 0.47447493672386193
  },
  "confusion_matrix": [
    [
      4503938112,
      41357019,
      15152267,
      21923470
    ],
    [
      34100029,
      92032599,
      19032887,
      9609608
    ],
    [
      4657373,
      7799720,
      6576727,
      227711
    ],
    [
      11734648,
      4244370,
      623621,
      14989839
    ]
  ],
  "checkpoint": "/data3/user/yoshida/fwl_mae/neurips2026/checkpoints/neurips_best/vit3d_ordered_pruning_light_finetune_epoch_50_20260423_221908_0.02523.pth"
}