{
  "compress": "event",
  "ae_ckpt": null,
  "ae_meta": {
    "k": 2,
    "representation": "taw",
    "intensity_mode": "height",
    "smooth_sigma": 1.5,
    "min_height": 0.03,
    "min_distance": 3,
    "fixed_width": 4.0,
    "fixed_amplitude": 1.0,
    "kernel": "emg",
    "emg_tau": 2.65,
    "dim": 6
  },
  "macro_f1": 0.40422706613587484,
  "macro_f1_4class": 0.549642678754954,
  "ignore_visualize_labels": [],
  "per_class_f1": {
    "object": 0.6131243969117458,
    "glass": 0.21688519168016573,
    "ghost": 0.3826716098157128
  },
  "per_class_precision": {
    "object": 0.6328150268684715,
    "glass": 0.1589139061979057,
    "ghost": 0.3206341852902566
  },
  "per_class_recall": {
    "object": 0.5946221732287043,
    "glass": 0.3414422249197117,
    "ghost": 0.47447462019281933
  },
  "confusion_matrix": [
    [
      4503938240,
      41357008,
      15152179,
      21923441
    ],
    [
      34100020,
      92032720,
      19032804,
      9609579
    ],
    [
      4657366,
      7799750,
      6576700,
      227715
    ],
    [
      11734667,
      4244363,
      623619,
      14989829
    ]
  ],
  "checkpoint": "/data3/user/yoshida/fwl_mae/neurips2026/checkpoints/neurips_best/vit3d_ordered_pruning_light_finetune_epoch_50_20260423_221908_0.02523.pth"
}