{
  "compress": "event",
  "ae_ckpt": null,
  "ae_meta": {
    "k": 4,
    "representation": "taw",
    "intensity_mode": "height",
    "smooth_sigma": 1.5,
    "min_height": 0.03,
    "min_distance": 3,
    "fixed_width": 4.0,
    "fixed_amplitude": 1.0,
    "kernel": "emg",
    "emg_tau": 2.65,
    "dim": 12
  },
  "macro_f1": 0.3734087328880462,
  "macro_f1_4class": 0.5263230500441769,
  "ignore_visualize_labels": [],
  "per_class_f1": {
    "object": 0.5764656284141391,
    "glass": 0.23062315426885693,
    "ghost": 0.31313741598114264
  },
  "per_class_precision": {
    "object": 0.5944771540842919,
    "glass": 0.185931612685294,
    "ghost": 0.2297336219109031
  },
  "per_class_recall": {
    "object": 0.5595134367943613,
    "glass": 0.30359751776740906,
    "ghost": 0.4916167386426604
  },
  "confusion_matrix": [
    [
      4494679613,
      43625194,
      9376816,
      34689245
    ],
    [
      35172411,
      86598761,
      15948893,
      17055058
    ],
    [
      5110212,
      7973174,
      5847753,
      330392
    ],
    [
      8308439,
      7475014,
      277634,
      15531391
    ]
  ],
  "checkpoint": "/data3/user/yoshida/fwl_mae/neurips2026/checkpoints/neurips_best/vit3d_ordered_pruning_light_finetune_epoch_50_20260423_221908_0.02523.pth"
}