{
  "compress": "event",
  "ae_ckpt": null,
  "ae_meta": {
    "k": 3,
    "representation": "taw",
    "intensity_mode": "height",
    "smooth_sigma": 1.5,
    "min_height": 0.03,
    "min_distance": 3,
    "fixed_width": 4.0,
    "fixed_amplitude": 1.0,
    "kernel": "emg",
    "emg_tau": 2.65,
    "dim": 9
  },
  "macro_f1": 0.38626404213795956,
  "macro_f1_4class": 0.536027152493041,
  "ignore_visualize_labels": [],
  "per_class_f1": {
    "object": 0.5844112728988313,
    "glass": 0.2335977831292113,
    "ghost": 0.34078307038583616
  },
  "per_class_precision": {
    "object": 0.6062853735575248,
    "glass": 0.17908061511952905,
    "ghost": 0.2536994764161798
  },
  "per_class_recall": {
    "object": 0.564060595190094,
    "glass": 0.33583555741233656,
    "ghost": 0.5188970298562842
  },
  "confusion_matrix": [
    [
      4495820047,
      42824691,
      11373896,
      32352234
    ],
    [
      34077683,
      87302548,
      17855841,
      15539051
    ],
    [
      4842245,
      7618328,
      6468707,
      332251
    ],
    [
      8525685,
      6250234,
      423316,
      16393243
    ]
  ],
  "checkpoint": "/data3/user/yoshida/fwl_mae/neurips2026/checkpoints/neurips_best/vit3d_ordered_pruning_light_finetune_epoch_50_20260423_221908_0.02523.pth"
}