{
  "compress": "event",
  "ae_ckpt": null,
  "ae_meta": {
    "k": 3,
    "representation": "taw",
    "intensity_mode": "height",
    "smooth_sigma": 1.5,
    "min_height": 0.03,
    "min_distance": 3,
    "fixed_width": 4.0,
    "fixed_amplitude": 1.0,
    "kernel": "gaussian",
    "emg_tau": 2.65,
    "dim": 9
  },
  "macro_f1": 0.4144211988366759,
  "macro_f1_4class": 0.5576423468490362,
  "ignore_visualize_labels": [],
  "per_class_f1": {
    "object": 0.5816925540454452,
    "glass": 0.25479092326524916,
    "ghost": 0.4067801191993332
  },
  "per_class_precision": {
    "object": 0.6690126442511213,
    "glass": 0.1927809807067242,
    "ghost": 0.2871433236969748
  },
  "per_class_recall": {
    "object": 0.514535013485339,
    "glass": 0.3756094985388233,
    "ghost": 0.6973113030259924
  },
  "confusion_matrix": [
    [
      4510548323,
      29150065,
      9373474,
      33299006
    ],
    [
      33713133,
      79637220,
      20481911,
      20942859
    ],
    [
      4549573,
      7028257,
      7234814,
      448887
    ],
    [
      5902813,
      3221401,
      438472,
      22029792
    ]
  ],
  "checkpoint": "/data3/user/yoshida/fwl_mae/neurips2026/checkpoints/neurips_best/vit3d_ordered_pruning_light_finetune_epoch_50_20260423_221908_0.02523.pth"
}