{
  "waveform_mse_mean": 0.0020689682569354773,
  "waveform_mse_std": 0.0019516082247719169,
  "energy_abs_mean": 1.726969599723816,
  "energy_rel_mean": 0.15348060429096222,
  "peak_loc_error_mean": 1.2163298521632986,
  "peak_loc_error_median": 1.0,
  "peak_count_mae": 1.4856544926753528,
  "peak_count_acc": 0.21037827133823894,
  "peak_recall": 0.9717145726120247,
  "peak_precision": 0.5363482056256063,
  "ghost_recall": 0.9111414900888585,
  "compression_ratio": 5.46875,
  "T": 700,
  "K": 128,
  "width_threshold": 7.0,
  "all_pos_err": 1.4148743718592964,
  "all_intensity_relerr": 0.33429326178823143,
  "all_fwhm_relerr": 0.3292145288930896,
  "all_recall": 0.9652696934419868,
  "all_n": 5154,
  "narrow_pos_err": 1.6117336849044166,
  "narrow_intensity_relerr": 0.5486023604661049,
  "narrow_fwhm_relerr": 0.6644363876071193,
  "narrow_recall": 0.9564943253467844,
  "narrow_n": 1586,
  "wide_pos_err": 1.3285135916714863,
  "wide_intensity_relerr": 0.24027738478003757,
  "wide_fwhm_relerr": 0.18215508422299617,
  "wide_recall": 0.969170403587444,
  "wide_n": 3568,
  "object_recall": 0.9901020723785957,
  "object_n": 3233,
  "glass_recall": 0.962882096069869,
  "glass_n": 458,
  "ghost_n": 1463,
  "all_precision": 0.49894694614381707,
  "encoder": "spatial_separable",
  "K_perpixel": 8
}