{
  "waveform_mse_mean": 0.0024452332872897387,
  "waveform_mse_std": 0.0016777567798271775,
  "energy_abs_mean": 2.6891567707061768,
  "energy_rel_mean": 0.2066183239221573,
  "peak_loc_error_mean": 1.1511456518826209,
  "peak_loc_error_median": 1.0,
  "peak_count_mae": 0.9195,
  "peak_count_acc": 0.38275,
  "peak_recall": 0.9844347711383723,
  "peak_precision": 0.6709520812730378,
  "ghost_recall": 0.9660847880299251,
  "compression_ratio": 5.46875,
  "T": 700,
  "K": 128,
  "width_threshold": 7.0,
  "all_pos_err": 1.0891812865497077,
  "all_intensity_relerr": 0.32751219358432454,
  "all_fwhm_relerr": 0.3309784577334802,
  "all_recall": 0.9855907780979827,
  "all_n": 5552,
  "narrow_pos_err": 1.1721218961625282,
  "narrow_intensity_relerr": 0.27431407556929127,
  "narrow_fwhm_relerr": 0.38182844243792324,
  "narrow_recall": 0.9784649364991718,
  "narrow_n": 1811,
  "wide_pos_err": 1.0494594594594595,
  "wide_intensity_relerr": 0.35298977875260523,
  "wide_fwhm_relerr": 0.30662543803178477,
  "wide_recall": 0.9890403635391607,
  "wide_n": 3741,
  "object_recall": 0.9993478969677209,
  "object_n": 3067,
  "glass_recall": 0.9791666666666666,
  "glass_n": 480,
  "ghost_n": 2005,
  "all_precision": 0.6625499455139847,
  "encoder": "coarse_binning"
}