{
  "feature_mode": "taw",
  "K": 4,
  "checkpoint": "downstream/outputs/eventnet_v2sa/v2sa_s42/best.pth",
  "frame_stride": 3,
  "n_frames": 485,
  "f1_mean": 0.5163599264144375,
  "object_f1": 0.7785450384795513,
  "glass_f1": 0.15531657051891104,
  "ghost_f1": 0.6152181702448501,
  "peak_per_class_f1": {
    "noise": 0.7749781344274008,
    "object": 0.7785450384795513,
    "glass": 0.15531657051891104,
    "ghost": 0.6152181702448501
  },
  "event_level_f1_mean": 0.500107763480896,
  "event_per_class_f1": {
    "noise": 0.7990255258968537,
    "object": 0.7716716063648443,
    "glass": 0.15626147609138652,
    "ghost": 0.5723902079864571
  },
  "peak_confusion_matrix": [
    [
      40042885,
      15119097,
      400975,
      6400219
    ],
    [
      898832,
      55936473,
      2126939,
      2704098
    ],
    [
      72591,
      7602218,
      953029,
      47373
    ],
    [
      361909,
      3370763,
      115930,
      10392923
    ]
  ],
  "event_confusion_matrix": [
    [
      50171609,
      15254470,
      428106,
      8485538
    ],
    [
      698396,
      52035168,
      2022032,
      2544673
    ],
    [
      66485,
      7121331,
      906758,
      44742
    ],
    [
      305780,
      3152265,
      109438,
      9800041
    ]
  ]
}