{
  "feature_mode": "taw",
  "K": 4,
  "checkpoint": "downstream/outputs/eventnet_vrex/erm_s42/best.pth",
  "frame_stride": 3,
  "n_frames": 485,
  "f1_mean": 0.5434108870626289,
  "object_f1": 0.755042941956604,
  "glass_f1": 0.27999128930845885,
  "ghost_f1": 0.5951984299228238,
  "peak_per_class_f1": {
    "noise": 0.7895704303604677,
    "object": 0.755042941956604,
    "glass": 0.27999128930845885,
    "ghost": 0.5951984299228238
  },
  "event_level_f1_mean": 0.5375778149181198,
  "event_per_class_f1": {
    "noise": 0.8279900314390953,
    "object": 0.7491762459626221,
    "glass": 0.27980851401075646,
    "ghost": 0.5837486847809811
  },
  "peak_confusion_matrix": [
    [
      41174413,
      15290507,
      805442,
      4692814
    ],
    [
      673054,
      53044361,
      4669627,
      3279300
    ],
    [
      100639,
      6189937,
      2320111,
      64524
    ],
    [
      384450,
      4315725,
      102346,
      9439004
    ]
  ],
  "event_confusion_matrix": [
    [
      53153670,
      15283413,
      807813,
      5094827
    ],
    [
      480252,
      49370700,
      4374148,
      3075169
    ],
    [
      92117,
      5804335,
      2182783,
      60081
    ],
    [
      326291,
      4041244,
      97917,
      8902072
    ]
  ]
}