{
  "waveform_mse_mean": 0.005090965423732996,
  "waveform_mse_std": 0.0039323316887021065,
  "energy_abs_mean": 5.694243431091309,
  "energy_rel_mean": 0.39266231656074524,
  "peak_loc_error_mean": 1.6060162684069854,
  "peak_loc_error_median": 1.0,
  "peak_count_mae": 1.3079482602851413,
  "peak_count_acc": 0.2339966065093321,
  "peak_recall": 0.8317258164599286,
  "peak_precision": 0.5020674155668937,
  "ghost_recall": 0.7058823529411765,
  "compression_ratio": 1.3671875,
  "T": 700,
  "K": 512,
  "width_threshold": 9.0,
  "all_pos_err": 1.9424206815511162,
  "all_intensity_relerr": 0.5345213330431434,
  "all_fwhm_relerr": 0.45224902372785675,
  "all_recall": 0.8876912378303199,
  "all_n": 5752,
  "narrow_pos_err": 1.8900424728645588,
  "narrow_intensity_relerr": 0.434865811548915,
  "narrow_fwhm_relerr": 0.3464291332389492,
  "narrow_recall": 0.8465840990811027,
  "narrow_n": 2503,
  "wide_pos_err": 1.979578172079009,
  "wide_intensity_relerr": 0.6052177006515365,
  "wide_fwhm_relerr": 0.5273184405159367,
  "wide_recall": 0.9193598030163127,
  "wide_n": 3249,
  "object_recall": 0.9399696048632219,
  "object_n": 3948,
  "glass_recall": 0.8935185185185185,
  "glass_n": 648,
  "ghost_n": 1156,
  "all_precision": 0.5089712918660287,
  "encoder": "spatial_separable",
  "K_perpixel": 32
}