{
  "waveform_mse_mean": 0.009074769914150238,
  "waveform_mse_std": 0.00624064588919282,
  "energy_abs_mean": 1.984943151473999,
  "energy_rel_mean": 0.14137448370456696,
  "peak_loc_error_mean": 3.1198572233702797,
  "peak_loc_error_median": 2.0,
  "peak_count_mae": 1.631,
  "peak_count_acc": 0.113,
  "peak_recall": 0.6468586705553531,
  "peak_precision": 0.3636674181867869,
  "ghost_recall": 0.2028985507246377,
  "compression_ratio": 87.5,
  "T": 700,
  "K": 8,
  "width_threshold": 9.0,
  "all_pos_err": 3.1030245746691874,
  "all_intensity_relerr": 0.5810170105946604,
  "all_fwhm_relerr": 0.35930663482313674,
  "all_recall": 0.695480690221857,
  "all_n": 6085,
  "narrow_pos_err": 2.817030260380014,
  "narrow_intensity_relerr": 0.648974457845367,
  "narrow_fwhm_relerr": 0.27571713414429805,
  "narrow_recall": 0.5421594811140786,
  "narrow_n": 2621,
  "wide_pos_err": 3.247598719316969,
  "wide_intensity_relerr": 0.5466635660755378,
  "wide_fwhm_relerr": 0.4015623020108385,
  "wide_recall": 0.8114896073903002,
  "wide_n": 3464,
  "object_recall": 0.9103848181338956,
  "object_n": 3794,
  "glass_recall": 0.8329979879275654,
  "glass_n": 497,
  "ghost_n": 1794,
  "all_precision": 0.39462886982469225,
  "encoder": "dct_lowfreq"
}