{
  "waveform_mse_mean": 0.001909370650537312,
  "waveform_mse_std": 0.0018201818456873298,
  "energy_abs_mean": 1.6400803327560425,
  "energy_rel_mean": 0.13712170720100403,
  "peak_loc_error_mean": 1.1947688147347855,
  "peak_loc_error_median": 1.0,
  "peak_count_mae": 1.2591192421071582,
  "peak_count_acc": 0.26233713629919664,
  "peak_recall": 0.9700828417221037,
  "peak_precision": 0.5772301556478355,
  "ghost_recall": 0.9193438140806562,
  "compression_ratio": 1.3671875,
  "T": 700,
  "K": 512,
  "width_threshold": 7.0,
  "all_pos_err": 1.3808378432551613,
  "all_intensity_relerr": 0.2967609577919373,
  "all_fwhm_relerr": 0.3220402159840943,
  "all_recall": 0.9679860302677532,
  "all_n": 5154,
  "narrow_pos_err": 1.5603392041748205,
  "narrow_intensity_relerr": 0.46692712619641186,
  "narrow_fwhm_relerr": 0.6328984561861274,
  "narrow_recall": 0.9665825977301387,
  "narrow_n": 1586,
  "wide_pos_err": 1.3012152777777777,
  "wide_intensity_relerr": 0.22127926330002196,
  "wide_fwhm_relerr": 0.1841508403389217,
  "wide_recall": 0.968609865470852,
  "wide_n": 3568,
  "object_recall": 0.9904113826167646,
  "object_n": 3233,
  "glass_recall": 0.9650655021834061,
  "glass_n": 458,
  "ghost_n": 1463,
  "all_precision": 0.5366247176508551,
  "encoder": "spatial_separable",
  "K_perpixel": 32
}