{
  "feature_mode": "taw",
  "K": 4,
  "checkpoint": "downstream/outputs/eventnet_vrex/erm_s43/best.pth",
  "frame_stride": 3,
  "n_frames": 485,
  "f1_mean": 0.5194506423698074,
  "object_f1": 0.7265182988361045,
  "glass_f1": 0.2670085009898244,
  "ghost_f1": 0.5648251272834931,
  "peak_per_class_f1": {
    "noise": 0.7898514852904002,
    "object": 0.7265182988361045,
    "glass": 0.2670085009898244,
    "ghost": 0.5648251272834931
  },
  "event_level_f1_mean": 0.5148212297116505,
  "event_per_class_f1": {
    "noise": 0.8298270049076368,
    "object": 0.7209429850201619,
    "glass": 0.2665620410852385,
    "ghost": 0.5569586630295511
  },
  "peak_confusion_matrix": [
    [
      41337849,
      14306441,
      1116220,
      5202666
    ],
    [
      796301,
      48934745,
      6296612,
      5638684
    ],
    [
      166795,
      5954368,
      2492454,
      61594
    ],
    [
      408339,
      3848393,
      88976,
      9895817
    ]
  ],
  "event_confusion_matrix": [
    [
      53503031,
      14216920,
      1123650,
      5496122
    ],
    [
      603831,
      45475390,
      5907013,
      5314035
    ],
    [
      154218,
      5581790,
      2345648,
      57660
    ],
    [
      349040,
      3580933,
      83638,
      9353913
    ]
  ]
}