{
  "waveform_mse_mean": 0.0005228405934758484,
  "waveform_mse_std": 0.0002448204904794693,
  "energy_abs_mean": 2.7492153644561768,
  "energy_rel_mean": 0.17727012932300568,
  "peak_loc_error_mean": 1.8601775523145212,
  "peak_loc_error_median": 1.0,
  "peak_count_mae": 1.565,
  "peak_count_acc": 0.2275,
  "peak_recall": 0.8328492210192765,
  "peak_precision": 0.47336034819150535,
  "ghost_recall": 0.6457750419697817,
  "compression_ratio": 21.875,
  "T": 700,
  "K": 32,
  "ghost_proxy_precision": 0.6037982973149967,
  "ghost_proxy_recall": 0.7728415758591786,
  "ghost_proxy_f1": 0.6779411764705883,
  "ghost_proxy_f1_upperbound": 0.9447147279964617,
  "ghost_proxy_f1_retention": 0.7176147003745319,
  "width_threshold": 17.089962005615234,
  "all_pos_err": 1.7069182389937108,
  "all_intensity_relerr": 0.2338610776688183,
  "all_fwhm_relerr": 0.2456117598792022,
  "all_recall": 0.8430540827147401,
  "all_n": 2829,
  "narrow_pos_err": 1.333617747440273,
  "narrow_intensity_relerr": 0.2491873598455545,
  "narrow_fwhm_relerr": 0.2910319184518474,
  "narrow_recall": 0.8294409058740269,
  "narrow_n": 1413,
  "wide_pos_err": 2.06760098928277,
  "wide_intensity_relerr": 0.21905283141066922,
  "wide_fwhm_relerr": 0.20172682513300252,
  "wide_recall": 0.856638418079096,
  "wide_n": 1416,
  "all_precision": 0.4767139716170298,
  "encoder": "random_projection"
}