{
  "waveform_mse_mean": 0.0011336780153214931,
  "waveform_mse_std": 0.0012253287713974714,
  "energy_abs_mean": 1.612846851348877,
  "energy_rel_mean": 0.12263335287570953,
  "peak_loc_error_mean": 1.0316014997321907,
  "peak_loc_error_median": 1.0,
  "peak_count_mae": 0.78025,
  "peak_count_acc": 0.43575,
  "peak_recall": 0.985094314734204,
  "peak_precision": 0.7065279091769158,
  "ghost_recall": 0.972069825436409,
  "compression_ratio": 5.46875,
  "T": 700,
  "K": 128,
  "width_threshold": 7.0,
  "all_pos_err": 0.7728102189781022,
  "all_intensity_relerr": 0.174181677130206,
  "all_fwhm_relerr": 0.190394272894859,
  "all_recall": 0.9870317002881844,
  "all_n": 5552,
  "narrow_pos_err": 0.8599439775910365,
  "narrow_intensity_relerr": 0.18612385089190192,
  "narrow_fwhm_relerr": 0.28119514472455653,
  "narrow_recall": 0.9856432909994478,
  "narrow_n": 1811,
  "wide_pos_err": 0.7307171853856563,
  "wide_intensity_relerr": 0.1684125891289537,
  "wide_fwhm_relerr": 0.1465297109960742,
  "wide_recall": 0.987703822507351,
  "wide_n": 3741,
  "object_recall": 0.9983697424193022,
  "object_n": 3067,
  "glass_recall": 0.9770833333333333,
  "glass_n": 480,
  "ghost_n": 2005,
  "all_precision": 0.6989795918367347,
  "encoder": "learnable_linear"
}