{
  "feature_mode": "taw",
  "K": 4,
  "checkpoint": "downstream/outputs/eventnet_v2sa2/base_s42/best.pth",
  "frame_stride": 3,
  "n_frames": 485,
  "f1_mean": 0.5285751257716456,
  "object_f1": 0.7435122953283502,
  "glass_f1": 0.275053720827049,
  "ghost_f1": 0.5671593611595375,
  "peak_per_class_f1": {
    "noise": 0.8095923133722264,
    "object": 0.7435122953283502,
    "glass": 0.275053720827049,
    "ghost": 0.5671593611595375
  },
  "event_level_f1_mean": 0.5249101856152095,
  "event_per_class_f1": {
    "noise": 0.8463997411034442,
    "object": 0.7386552272212485,
    "glass": 0.2743388265050237,
    "ghost": 0.5617365031193561
  },
  "peak_confusion_matrix": [
    [
      43279381,
      13233140,
      998508,
      4452147
    ],
    [
      911172,
      50255992,
      5352910,
      5146268
    ],
    [
      212049,
      5900953,
      2406235,
      155974
    ],
    [
      550704,
      4128942,
      63609,
      9498270
    ]
  ],
  "event_confusion_matrix": [
    [
      55546008,
      13128758,
      1025056,
      4639901
    ],
    [
      691980,
      46739427,
      5039999,
      4828863
    ],
    [
      194376,
      5532183,
      2267582,
      145175
    ],
    [
      480335,
      3852118,
      59298,
      8975773
    ]
  ]
}