{
  "waveform_mse_mean": 0.0005235386779531837,
  "waveform_mse_std": 0.00025908026145771146,
  "energy_abs_mean": 4.003337383270264,
  "energy_rel_mean": 0.2535991668701172,
  "peak_loc_error_mean": 1.745545482963426,
  "peak_loc_error_median": 1.0,
  "peak_count_mae": 0.6765,
  "peak_count_acc": 0.5355,
  "peak_recall": 0.844731977818854,
  "peak_precision": 0.70837023914969,
  "ghost_recall": 0.6709569110240626,
  "compression_ratio": 43.75,
  "T": 700,
  "K": 16,
  "ghost_proxy_precision": 0.8395390070921985,
  "ghost_proxy_recall": 0.7937971500419112,
  "ghost_proxy_f1": 0.8160275743214133,
  "ghost_proxy_f1_upperbound": 0.9447147279964617,
  "ghost_proxy_f1_retention": 0.8637819969759903,
  "width_threshold": 17.089962005615234,
  "all_pos_err": 1.3741156887224304,
  "all_intensity_relerr": 0.16868656241760477,
  "all_fwhm_relerr": 0.2051532376713973,
  "all_recall": 0.8494167550371156,
  "all_n": 2829,
  "narrow_pos_err": 1.124893797790994,
  "narrow_intensity_relerr": 0.17628514635647446,
  "narrow_fwhm_relerr": 0.24683461351464742,
  "narrow_recall": 0.8329794762915782,
  "narrow_n": 1413,
  "wide_pos_err": 1.6133768352365416,
  "wide_intensity_relerr": 0.1613916739216426,
  "wide_fwhm_relerr": 0.165137756947494,
  "wide_recall": 0.865819209039548,
  "wide_n": 1416,
  "all_precision": 0.7109467455621302,
  "encoder": "learnable_linear"
}