{
  "waveform_mse_mean": 0.005415874067693949,
  "waveform_mse_std": 0.004151828587055206,
  "energy_abs_mean": 5.8747782707214355,
  "energy_rel_mean": 0.40596044063568115,
  "peak_loc_error_mean": 1.6271767035316616,
  "peak_loc_error_median": 1.0,
  "peak_count_mae": 1.3044776448293338,
  "peak_count_acc": 0.21796566845155463,
  "peak_recall": 0.8002060352669723,
  "peak_precision": 0.4836333580926581,
  "ghost_recall": 0.4835640138408305,
  "compression_ratio": 0.341796875,
  "T": 700,
  "K": 2048,
  "width_threshold": 9.0,
  "all_pos_err": 2.163107202680067,
  "all_intensity_relerr": 0.548146212051732,
  "all_fwhm_relerr": 0.46474322365753207,
  "all_recall": 0.8303198887343533,
  "all_n": 5752,
  "narrow_pos_err": 1.9202099737532807,
  "narrow_intensity_relerr": 0.43826857748597575,
  "narrow_fwhm_relerr": 0.35509873765779276,
  "narrow_recall": 0.7610866959648422,
  "narrow_n": 2503,
  "wide_pos_err": 2.324277255311738,
  "wide_intensity_relerr": 0.621053524433399,
  "wide_fwhm_relerr": 0.537495834535102,
  "wide_recall": 0.8836565096952909,
  "wide_n": 3249,
  "object_recall": 0.9179331306990881,
  "object_n": 3948,
  "glass_recall": 0.9151234567901234,
  "glass_n": 648,
  "ghost_n": 1156,
  "all_precision": 0.48989639963073134,
  "encoder": "spatial_separable",
  "K_perpixel": 128
}