{
  "feature_mode": "taw",
  "K": 4,
  "checkpoint": "downstream/outputs/eventnet_loss/glassw3_s42/best.pth",
  "frame_stride": 3,
  "n_frames": 485,
  "f1_mean": 0.5344477910173967,
  "object_f1": 0.7298255249003147,
  "glass_f1": 0.2928495084980067,
  "ghost_f1": 0.5806683396538688,
  "peak_per_class_f1": {
    "noise": 0.7920622638967864,
    "object": 0.7298255249003147,
    "glass": 0.2928495084980067,
    "ghost": 0.5806683396538688
  },
  "event_level_f1_mean": 0.5203975079887752,
  "event_per_class_f1": {
    "noise": 0.8165029057574764,
    "object": 0.7235087558360556,
    "glass": 0.29004889515587595,
    "ghost": 0.5476348729743938
  },
  "peak_confusion_matrix": [
    [
      41527874,
      13475780,
      1765940,
      5193582
    ],
    [
      783395,
      48281774,
      7561859,
      5039314
    ],
    [
      115571,
      5342760,
      3118209,
      98671
    ],
    [
      470109,
      3543800,
      174422,
      10053194
    ]
  ],
  "event_confusion_matrix": [
    [
      52051979,
      13452520,
      1895871,
      6939353
    ],
    [
      593373,
      44813865,
      7139426,
      4753605
    ],
    [
      106275,
      5000863,
      2940966,
      91212
    ],
    [
      408451,
      3311744,
      163526,
      9483803
    ]
  ]
}