{
  "waveform_mse_mean": 0.002586777787655592,
  "waveform_mse_std": 0.0031596096232533455,
  "energy_abs_mean": 2.122236728668213,
  "energy_rel_mean": 0.1803644299507141,
  "peak_loc_error_mean": 1.3573395758744147,
  "peak_loc_error_median": 1.0,
  "peak_count_mae": 2.5565,
  "peak_count_acc": 0.09275,
  "peak_recall": 0.9579211185859385,
  "peak_precision": 0.4089194211385776,
  "ghost_recall": 0.9346633416458853,
  "compression_ratio": 43.75,
  "T": 700,
  "K": 16,
  "width_threshold": 7.0,
  "all_pos_err": 1.3918793071335445,
  "all_intensity_relerr": 0.27420881935976266,
  "all_fwhm_relerr": 0.3164140470398172,
  "all_recall": 0.9670389048991355,
  "all_n": 5552,
  "narrow_pos_err": 1.5984979780473714,
  "narrow_intensity_relerr": 0.39575377238649667,
  "narrow_fwhm_relerr": 0.5951954554207587,
  "narrow_recall": 0.9558255107675317,
  "narrow_n": 1811,
  "wide_pos_err": 1.2935678944474986,
  "wide_intensity_relerr": 0.21637640768046726,
  "wide_fwhm_relerr": 0.18376681836818176,
  "wide_recall": 0.9724672547447206,
  "wide_n": 3741,
  "object_recall": 0.9902184545158135,
  "object_n": 3067,
  "glass_recall": 0.9541666666666667,
  "glass_n": 480,
  "ghost_n": 2005,
  "all_precision": 0.4100977696303086,
  "encoder": "random_projection"
}