{
  "waveform_mse_mean": 0.005023087374866009,
  "waveform_mse_std": 0.0022112338338047266,
  "energy_abs_mean": 11.669830322265625,
  "energy_rel_mean": 0.7993807196617126,
  "peak_loc_error_mean": 4.068919814446653,
  "peak_loc_error_median": 4.0,
  "peak_count_mae": 0.8385,
  "peak_count_acc": 0.3465,
  "peak_recall": 0.3984684446791656,
  "peak_precision": 0.3043565954013715,
  "ghost_recall": 0.2059317291550084,
  "compression_ratio": 87.5,
  "T": 700,
  "K": 8,
  "ghost_proxy_precision": 0.35418768920282545,
  "ghost_proxy_recall": 0.2942162615255658,
  "ghost_proxy_f1": 0.32142857142857145,
  "ghost_proxy_f1_upperbound": 0.9447147279964617,
  "ghost_proxy_f1_retention": 0.34023876404494385,
  "width_threshold": 17.089962005615234,
  "all_pos_err": 6.048923679060666,
  "all_intensity_relerr": 2.073920143778538,
  "all_fwhm_relerr": 3.0306938964987875,
  "all_recall": 0.3612583951926476,
  "all_n": 2829,
  "narrow_pos_err": 5.939203354297694,
  "narrow_intensity_relerr": 2.398280077729293,
  "narrow_fwhm_relerr": 4.185820822813392,
  "narrow_recall": 0.3375796178343949,
  "narrow_n": 1413,
  "wide_pos_err": 6.144954128440367,
  "wide_intensity_relerr": 1.7900308070913624,
  "wide_fwhm_relerr": 2.0196928986050877,
  "wide_recall": 0.3848870056497175,
  "wide_n": 1416,
  "all_precision": 0.27584345479082323,
  "encoder": "coarse_binning"
}