{
  "feature_mode": "tdtaE",
  "K": 4,
  "checkpoint": "downstream/outputs/eventnet_sweep_E/tdtaE_K4/best.pth",
  "frame_stride": 3,
  "n_frames": 485,
  "f1_mean": 0.5089600635791977,
  "object_f1": 0.7284723168411233,
  "glass_f1": 0.24824349732490905,
  "ghost_f1": 0.5501643765715605,
  "peak_per_class_f1": {
    "noise": 0.7908300708215662,
    "object": 0.7284723168411233,
    "glass": 0.24824349732490905,
    "ghost": 0.5501643765715605
  },
  "event_level_f1_mean": 0.5043225456617751,
  "event_per_class_f1": {
    "noise": 0.8300873762893635,
    "object": 0.7233223880238038,
    "glass": 0.24847590946932005,
    "ghost": 0.5411693394922016
  },
  "peak_confusion_matrix": [
    [
      41509844,
      13974062,
      1232190,
      5247080
    ],
    [
      931820,
      49377952,
      7276801,
      4079769
    ],
    [
      149118,
      5862436,
      2450544,
      213113
    ],
    [
      423952,
      4684969,
      108321,
      9024283
    ]
  ],
  "event_confusion_matrix": [
    [
      53608793,
      13884638,
      1244635,
      5601657
    ],
    [
      717192,
      45922899,
      6848063,
      3812115
    ],
    [
      136349,
      5489933,
      2317157,
      195877
    ],
    [
      362160,
      4379940,
      101788,
      8523636
    ]
  ]
}