{
  "waveform_mse_mean": 0.00042826676508411765,
  "waveform_mse_std": 0.00021070404909551144,
  "energy_abs_mean": 3.168480396270752,
  "energy_rel_mean": 0.2132643312215805,
  "peak_loc_error_mean": 1.3868506017023774,
  "peak_loc_error_median": 1.0,
  "peak_count_mae": 0.203,
  "peak_count_acc": 0.8115,
  "peak_recall": 0.8996567203591234,
  "peak_precision": 0.9855365924211744,
  "ghost_recall": 0.78735310576385,
  "compression_ratio": 10.9375,
  "T": 700,
  "K": 64,
  "ghost_proxy_precision": 1.0,
  "ghost_proxy_recall": 0.865046102263202,
  "ghost_proxy_f1": 0.9276404494382023,
  "ghost_proxy_f1_upperbound": 0.9447147279964617,
  "ghost_proxy_f1_retention": 0.9819265244287338,
  "width_threshold": 17.089962005615234,
  "all_pos_err": 0.8014297061159651,
  "all_intensity_relerr": 0.1478451791814787,
  "all_fwhm_relerr": 0.1616453821191988,
  "all_recall": 0.8900671615411806,
  "all_n": 2829,
  "narrow_pos_err": 0.6181672025723473,
  "narrow_intensity_relerr": 0.15250873617808652,
  "narrow_fwhm_relerr": 0.18518176977486686,
  "narrow_recall": 0.8803963198867657,
  "narrow_n": 1413,
  "wide_pos_err": 0.9803767660910518,
  "wide_intensity_relerr": 0.1432914390686214,
  "wide_fwhm_relerr": 0.13866322651193735,
  "wide_recall": 0.8997175141242938,
  "wide_n": 1416,
  "all_precision": 0.9737045630317092,
  "encoder": "dct_lowfreq"
}