{
  "feature_mode": "tawT",
  "K": 4,
  "checkpoint": "downstream/outputs/eventnet_v4/tawT_s42/best.pth",
  "frame_stride": 3,
  "n_frames": 485,
  "f1_mean": 0.5358842413282265,
  "object_f1": 0.7334544558027847,
  "glass_f1": 0.3059382239153475,
  "ghost_f1": 0.5682600442665474,
  "peak_per_class_f1": {
    "noise": 0.7817433888450219,
    "object": 0.7334544558027847,
    "glass": 0.3059382239153475,
    "ghost": 0.5682600442665474
  },
  "event_level_f1_mean": 0.5300376519262302,
  "event_per_class_f1": {
    "noise": 0.8228970580796751,
    "object": 0.7288123715204862,
    "glass": 0.3050661567969625,
    "ghost": 0.5562344274612421
  },
  "peak_confusion_matrix": [
    [
      40657611,
      13085318,
      1378564,
      6841683
    ],
    [
      875666,
      48056072,
      7310082,
      5424522
    ],
    [
      96747,
      5131683,
      3149744,
      297037
    ],
    [
      424593,
      3100956,
      77118,
      10638858
    ]
  ],
  "event_confusion_matrix": [
    [
      52758892,
      12872207,
      1395468,
      7313156
    ],
    [
      677749,
      44645812,
      6879878,
      5096830
    ],
    [
      90640,
      4801753,
      2967357,
      279566
    ],
    [
      360194,
      2896573,
      71840,
      10038917
    ]
  ]
}