{
  "waveform_mse_mean": 0.007667819038033485,
  "waveform_mse_std": 0.006437316536903381,
  "energy_abs_mean": 3.695420980453491,
  "energy_rel_mean": 0.254625141620636,
  "peak_loc_error_mean": 2.6086450862570265,
  "peak_loc_error_median": 2.0,
  "peak_count_mae": 0.9085,
  "peak_count_acc": 0.31075,
  "peak_recall": 0.6269291529955037,
  "peak_precision": 0.476670054513536,
  "ghost_recall": 0.1164994425863991,
  "compression_ratio": 43.75,
  "T": 700,
  "K": 16,
  "width_threshold": 9.0,
  "all_pos_err": 2.7787391841779976,
  "all_intensity_relerr": 0.5094756353010649,
  "all_fwhm_relerr": 0.42365102548209965,
  "all_recall": 0.6647493837304848,
  "all_n": 6085,
  "narrow_pos_err": 3.4498381877022655,
  "narrow_intensity_relerr": 0.5027568329024399,
  "narrow_fwhm_relerr": 0.32350419941439357,
  "narrow_recall": 0.47157573445249906,
  "narrow_n": 2621,
  "wide_pos_err": 2.483446066215735,
  "wide_intensity_relerr": 0.5124320040318232,
  "wide_fwhm_relerr": 0.46771705503698924,
  "wide_recall": 0.8109122401847575,
  "wide_n": 3464,
  "object_recall": 0.8937796520822351,
  "object_n": 3794,
  "glass_recall": 0.8953722334004024,
  "glass_n": 497,
  "ghost_n": 1794,
  "all_precision": 0.5074645590264709,
  "encoder": "dct_lowfreq"
}