{
  "feature_mode": "ta",
  "K": 4,
  "checkpoint": "downstream/outputs/eventnet_sweep_E/ta_K4/best.pth",
  "frame_stride": 3,
  "n_frames": 485,
  "f1_mean": 0.5249011808066316,
  "object_f1": 0.7352328940279901,
  "glass_f1": 0.28374261255056415,
  "ghost_f1": 0.5557280358413405,
  "peak_per_class_f1": {
    "noise": 0.7768245002815282,
    "object": 0.7352328940279901,
    "glass": 0.28374261255056415,
    "ghost": 0.5557280358413405
  },
  "event_level_f1_mean": 0.5204129904008944,
  "event_per_class_f1": {
    "noise": 0.8202654657213013,
    "object": 0.7297988861776586,
    "glass": 0.2833887114102555,
    "ghost": 0.5480513736147692
  },
  "peak_confusion_matrix": [
    [
      40284603,
      15302743,
      1117637,
      5258193
    ],
    [
      885518,
      50764232,
      6172160,
      3844432
    ],
    [
      117388,
      5760783,
      2663622,
      133418
    ],
    [
      465413,
      4596109,
      146287,
      9033716
    ]
  ],
  "event_confusion_matrix": [
    [
      52516499,
      15194835,
      1133208,
      5495181
    ],
    [
      679614,
      47219950,
      5788378,
      3612327
    ],
    [
      109554,
      5394802,
      2509290,
      125670
    ],
    [
      402178,
      4295521,
      138982,
      8530843
    ]
  ]
}