{
  "waveform_mse_mean": 0.0004050037241540849,
  "waveform_mse_std": 0.00019686717132572085,
  "energy_abs_mean": 3.9584460258483887,
  "energy_rel_mean": 0.26215678453445435,
  "peak_loc_error_mean": 1.6188327316486162,
  "peak_loc_error_median": 1.0,
  "peak_count_mae": 0.318,
  "peak_count_acc": 0.7155,
  "peak_recall": 0.8777396355954582,
  "peak_precision": 0.9119341563786009,
  "ghost_recall": 0.7409065472859541,
  "compression_ratio": 10.9375,
  "T": 700,
  "K": 64,
  "ghost_proxy_precision": 0.9449192782526116,
  "ghost_proxy_recall": 0.8340318524727578,
  "ghost_proxy_f1": 0.8860195903829029,
  "ghost_proxy_f1_upperbound": 0.9447147279964617,
  "ghost_proxy_f1_retention": 0.9378699877601795,
  "width_threshold": 17.089962005615234,
  "all_pos_err": 0.9701612903225807,
  "all_intensity_relerr": 0.13657168913684056,
  "all_fwhm_relerr": 0.15190125810199473,
  "all_recall": 0.8766348533050548,
  "all_n": 2829,
  "narrow_pos_err": 0.7663088356729976,
  "narrow_intensity_relerr": 0.14959598933116236,
  "narrow_fwhm_relerr": 0.18794459892277818,
  "narrow_recall": 0.8570417551309271,
  "narrow_n": 1413,
  "wide_pos_err": 1.164696611505122,
  "wide_intensity_relerr": 0.12414266822642003,
  "wide_fwhm_relerr": 0.11750528825647166,
  "wide_recall": 0.8961864406779662,
  "wide_n": 1416,
  "all_precision": 0.9090909090909091,
  "encoder": "learnable_linear"
}