{
  "waveform_mse_mean": 0.011477361433207989,
  "waveform_mse_std": 0.0040433695539832115,
  "energy_abs_mean": 7.478416919708252,
  "energy_rel_mean": 0.6091640591621399,
  "peak_loc_error_mean": 3.08083176985616,
  "peak_loc_error_median": 2.0,
  "peak_count_mae": 2.39825,
  "peak_count_acc": 0.077,
  "peak_recall": 0.8436881677878908,
  "peak_precision": 0.37364178058184366,
  "ghost_recall": 0.7915211970074812,
  "compression_ratio": 43.75,
  "T": 700,
  "K": 16,
  "width_threshold": 7.0,
  "all_pos_err": 3.4187680859859446,
  "all_intensity_relerr": 0.5370650971951533,
  "all_fwhm_relerr": 0.7462583349419951,
  "all_recall": 0.8713976945244957,
  "all_n": 5552,
  "narrow_pos_err": 3.083824492468893,
  "narrow_intensity_relerr": 0.6713959091723727,
  "narrow_fwhm_relerr": 0.9138834315651605,
  "narrow_recall": 0.8431805632247377,
  "narrow_n": 1811,
  "wide_pos_err": 3.5732407127755965,
  "wide_intensity_relerr": 0.47511307367077577,
  "wide_fwhm_relerr": 0.668951321186763,
  "wide_recall": 0.8850574712643678,
  "wide_n": 3741,
  "object_recall": 0.9315291816106945,
  "object_n": 3067,
  "glass_recall": 0.8208333333333333,
  "glass_n": 480,
  "ghost_n": 2005,
  "all_precision": 0.3839377827156575,
  "encoder": "coarse_binning"
}