{
  "feature_mode": "taw",
  "K": 4,
  "checkpoint": "downstream/outputs/eventnet_vrex/vrex_b10_s42/best.pth",
  "frame_stride": 3,
  "n_frames": 485,
  "f1_mean": 0.5239322545291722,
  "object_f1": 0.7477693776454698,
  "glass_f1": 0.26046573112632904,
  "ghost_f1": 0.563561654815718,
  "peak_per_class_f1": {
    "noise": 0.7686684992770363,
    "object": 0.7477693776454698,
    "glass": 0.26046573112632904,
    "ghost": 0.563561654815718
  },
  "event_level_f1_mean": 0.5072522008622641,
  "event_per_class_f1": {
    "noise": 0.7924807395974198,
    "object": 0.7404097045440636,
    "glass": 0.2604147202807058,
    "ghost": 0.520932177762023
  },
  "peak_confusion_matrix": [
    [
      39769960,
      16268728,
      597454,
      5327034
    ],
    [
      1137126,
      53071156,
      3962980,
      3495080
    ],
    [
      127165,
      6448227,
      2009764,
      90055
    ],
    [
      480106,
      4490798,
      186671,
      9083950
    ]
  ],
  "event_confusion_matrix": [
    [
      49742248,
      16407458,
      608616,
      7581401
    ],
    [
      919742,
      49346883,
      3724782,
      3308862
    ],
    [
      117413,
      6043332,
      1894021,
      84550
    ],
    [
      416412,
      4198212,
      179455,
      8573445
    ]
  ]
}