{
  "waveform_mse_mean": 0.0,
  "waveform_mse_std": 0.0,
  "energy_abs_mean": 0.0,
  "energy_rel_mean": 0.0,
  "peak_loc_error_mean": 0.810044687520843,
  "peak_loc_error_median": 1.0,
  "peak_count_mae": 1.3220070073378727,
  "peak_count_acc": 0.2713911108173024,
  "peak_recall": 0.9935659162243736,
  "peak_precision": 0.5778722271082036,
  "ghost_recall": 0.9757785467128027,
  "compression_ratio": 1.0,
  "T": 700,
  "K": 700,
  "width_threshold": 9.0,
  "all_pos_err": 0.12225540137010364,
  "all_intensity_relerr": 0.04585972410691127,
  "all_fwhm_relerr": 0.006547194486330267,
  "all_recall": 0.9897426981919333,
  "all_n": 5752,
  "narrow_pos_err": 0.15749296906388108,
  "narrow_intensity_relerr": 0.0942531247743091,
  "narrow_fwhm_relerr": 0.012903920105607532,
  "narrow_recall": 0.9944067119456652,
  "narrow_n": 2503,
  "wide_pos_err": 0.09488139825218476,
  "wide_intensity_relerr": 0.008265724649622498,
  "wide_fwhm_relerr": 0.0016090265505059513,
  "wide_recall": 0.9861495844875346,
  "wide_n": 3249,
  "object_recall": 0.9926545086119554,
  "object_n": 3948,
  "glass_recall": 0.9969135802469136,
  "glass_n": 648,
  "ghost_n": 1156,
  "all_precision": 0.5934535598874179,
  "encoder": "full_waveform_upper_bound"
}