{
  "waveform_mse_mean": 0.00131528964266181,
  "waveform_mse_std": 0.001130307442508638,
  "energy_abs_mean": 3.1633782386779785,
  "energy_rel_mean": 0.20913252234458923,
  "peak_loc_error_mean": 3.1794554455445545,
  "peak_loc_error_median": 3.0,
  "peak_count_mae": 0.5595,
  "peak_count_acc": 0.5465,
  "peak_recall": 0.6400844996039081,
  "peak_precision": 0.5760456273764258,
  "ghost_recall": 0.2982652490207051,
  "compression_ratio": 87.5,
  "T": 700,
  "K": 8,
  "ghost_proxy_precision": 0.6813186813186813,
  "ghost_proxy_recall": 0.4157585917854149,
  "ghost_proxy_f1": 0.5163977095262884,
  "ghost_proxy_f1_upperbound": 0.9447147279964617,
  "ghost_proxy_f1_retention": 0.5466176129395778,
  "width_threshold": 17.089962005615234,
  "all_pos_err": 3.236503856041131,
  "all_intensity_relerr": 0.7269351540408873,
  "all_fwhm_relerr": 1.1344315076829108,
  "all_recall": 0.6875220926122305,
  "all_n": 2829,
  "narrow_pos_err": 3.2849794238683128,
  "narrow_intensity_relerr": 0.8000177745375613,
  "narrow_fwhm_relerr": 1.536489407884546,
  "narrow_recall": 0.6878980891719745,
  "narrow_n": 1413,
  "wide_pos_err": 3.188078108941418,
  "wide_intensity_relerr": 0.6539276441510957,
  "wide_fwhm_relerr": 0.7327868221782969,
  "wide_recall": 0.6871468926553672,
  "wide_n": 1416,
  "all_precision": 0.620414673046252,
  "encoder": "dct_lowfreq"
}