{
  "waveform_mse_mean": 0.00040029382216744125,
  "waveform_mse_std": 0.0002021087711909786,
  "energy_abs_mean": 3.970109701156616,
  "energy_rel_mean": 0.2644067406654358,
  "peak_loc_error_mean": 1.6100060277275468,
  "peak_loc_error_median": 1.0,
  "peak_count_mae": 0.292,
  "peak_count_acc": 0.7335,
  "peak_recall": 0.8761552680221811,
  "peak_precision": 0.9439544807965861,
  "ghost_recall": 0.7375489647453833,
  "compression_ratio": 5.46875,
  "T": 700,
  "K": 128,
  "ghost_proxy_precision": 0.9511025886864813,
  "ghost_proxy_recall": 0.8315171835708298,
  "ghost_proxy_f1": 0.8872987477638641,
  "ghost_proxy_f1_upperbound": 0.9447147279964617,
  "ghost_proxy_f1_retention": 0.9392240021976108,
  "width_threshold": 17.089962005615234,
  "all_pos_err": 0.9177087535296491,
  "all_intensity_relerr": 0.1292144411091956,
  "all_fwhm_relerr": 0.14697097308914372,
  "all_recall": 0.8762813715093672,
  "all_n": 2829,
  "narrow_pos_err": 0.7283950617283951,
  "narrow_intensity_relerr": 0.1344342671455035,
  "narrow_fwhm_relerr": 0.17241162088419346,
  "narrow_recall": 0.8598726114649682,
  "narrow_n": 1413,
  "wide_pos_err": 1.0996835443037976,
  "wide_intensity_relerr": 0.12419696592397873,
  "wide_fwhm_relerr": 0.12251655293804763,
  "wide_recall": 0.8926553672316384,
  "wide_n": 1416,
  "all_precision": 0.9383043149129447,
  "encoder": "learnable_linear"
}