{
  "waveform_mse_mean": 0.0005132451187819242,
  "waveform_mse_std": 0.0002661912876646966,
  "energy_abs_mean": 3.973240375518799,
  "energy_rel_mean": 0.26943597197532654,
  "peak_loc_error_mean": 1.904524089306698,
  "peak_loc_error_median": 1.0,
  "peak_count_mae": 0.3415,
  "peak_count_acc": 0.733,
  "peak_recall": 0.8988645365724848,
  "peak_precision": 0.8864583333333333,
  "ghost_recall": 0.7856743144935646,
  "compression_ratio": 21.875,
  "T": 700,
  "K": 32,
  "ghost_proxy_precision": 0.9682539682539683,
  "ghost_proxy_recall": 0.8692372170997485,
  "ghost_proxy_f1": 0.916077738515901,
  "ghost_proxy_f1_upperbound": 0.9447147279964617,
  "ghost_proxy_f1_retention": 0.9696871567342942,
  "width_threshold": 17.089962005615234,
  "all_pos_err": 1.3495334370139969,
  "all_intensity_relerr": 0.19186006318599366,
  "all_fwhm_relerr": 0.2651254287840819,
  "all_recall": 0.9091551785083068,
  "all_n": 2829,
  "narrow_pos_err": 1.4546925566343043,
  "narrow_intensity_relerr": 0.21951844254827685,
  "narrow_fwhm_relerr": 0.3845130468551466,
  "narrow_recall": 0.8747346072186837,
  "narrow_n": 1413,
  "wide_pos_err": 1.252245508982036,
  "wide_intensity_relerr": 0.1662719217999293,
  "wide_fwhm_relerr": 0.15467400967043232,
  "wide_recall": 0.943502824858757,
  "wide_n": 1416,
  "all_precision": 0.895231465367212,
  "encoder": "coarse_binning"
}