{
  "waveform_mse_mean": 0.004053307697176933,
  "waveform_mse_std": 0.002992156893014908,
  "energy_abs_mean": 4.65269660949707,
  "energy_rel_mean": 0.3134945333003998,
  "peak_loc_error_mean": 1.479968454258675,
  "peak_loc_error_median": 1.0,
  "peak_count_mae": 0.8215,
  "peak_count_acc": 0.3755,
  "peak_recall": 0.7704459837161259,
  "peak_precision": 0.6029481692819781,
  "ghost_recall": 0.31382385730211815,
  "compression_ratio": 43.75,
  "T": 700,
  "K": 16,
  "width_threshold": 9.0,
  "all_pos_err": 1.452304394426581,
  "all_intensity_relerr": 0.3992322252592838,
  "all_fwhm_relerr": 0.3986150487523767,
  "all_recall": 0.7666392769104355,
  "all_n": 6085,
  "narrow_pos_err": 1.5040197897340755,
  "narrow_intensity_relerr": 0.30112770320648036,
  "narrow_fwhm_relerr": 0.32648275760520656,
  "narrow_recall": 0.6169400991987791,
  "narrow_n": 2621,
  "wide_pos_err": 1.4248687664041995,
  "wide_intensity_relerr": 0.4512778329231234,
  "wide_fwhm_relerr": 0.43688208116214505,
  "wide_recall": 0.8799076212471132,
  "wide_n": 3464,
  "object_recall": 0.955983131259884,
  "object_n": 3794,
  "glass_recall": 0.9557344064386318,
  "glass_n": 497,
  "ghost_n": 1794,
  "all_precision": 0.6169818807036106,
  "encoder": "learnable_linear"
}