{
  "feature_mode": "taw",
  "K": 4,
  "checkpoint": "downstream/outputs/eventnet_v2sa2/v2sa_s42/best.pth",
  "frame_stride": 3,
  "n_frames": 485,
  "f1_mean": 0.5572145564635765,
  "object_f1": 0.7477695634634178,
  "glass_f1": 0.277243488206442,
  "ghost_f1": 0.6466306177208698,
  "peak_per_class_f1": {
    "noise": 0.7947551971576491,
    "object": 0.7477695634634178,
    "glass": 0.277243488206442,
    "ghost": 0.6466306177208698
  },
  "event_level_f1_mean": 0.551994690640202,
  "event_per_class_f1": {
    "noise": 0.8342583289737207,
    "object": 0.7429864334338853,
    "glass": 0.27555134793798053,
    "ghost": 0.6374462905487402
  },
  "peak_confusion_matrix": [
    [
      41723019,
      13438349,
      1593898,
      5207910
    ],
    [
      791774,
      50038036,
      8081031,
      2755501
    ],
    [
      134688,
      5524478,
      2962378,
      53667
    ],
    [
      383244,
      3165565,
      57708,
      10635008
    ]
  ],
  "event_confusion_matrix": [
    [
      53947757,
      13330314,
      1618916,
      5442736
    ],
    [
      592581,
      46558951,
      7556358,
      2592379
    ],
    [
      124923,
      5188335,
      2775265,
      50793
    ],
    [
      326076,
      2951340,
      53505,
      10036603
    ]
  ]
}