{
  "waveform_mse_mean": 0.0026696829590946436,
  "waveform_mse_std": 0.0024495034012943506,
  "energy_abs_mean": 1.9506757259368896,
  "energy_rel_mean": 0.15072864294052124,
  "peak_loc_error_mean": 1.7464611072179397,
  "peak_loc_error_median": 1.0,
  "peak_count_mae": 0.80275,
  "peak_count_acc": 0.4065,
  "peak_recall": 0.9411687112518138,
  "peak_precision": 0.6893719806763285,
  "ghost_recall": 0.9112219451371572,
  "compression_ratio": 21.875,
  "T": 700,
  "K": 32,
  "width_threshold": 7.0,
  "all_pos_err": 1.7830868411073189,
  "all_intensity_relerr": 0.2849609800201833,
  "all_fwhm_relerr": 0.33628463853668317,
  "all_recall": 0.9499279538904899,
  "all_n": 5552,
  "narrow_pos_err": 2.0934358367829686,
  "narrow_intensity_relerr": 0.32575103094754054,
  "narrow_fwhm_relerr": 0.5449241080228661,
  "narrow_recall": 0.9337382661512976,
  "narrow_n": 1811,
  "wide_pos_err": 1.6366173597543958,
  "wide_intensity_relerr": 0.2657100796243806,
  "wide_fwhm_relerr": 0.23781705748696627,
  "wide_recall": 0.9577653033948142,
  "wide_n": 3741,
  "object_recall": 0.9889142484512553,
  "object_n": 3067,
  "glass_recall": 0.8625,
  "glass_n": 480,
  "ghost_n": 2005,
  "all_precision": 0.685736575217787,
  "encoder": "dct_lowfreq"
}