{
  "feature_mode": "taw",
  "K": 4,
  "checkpoint": "downstream/outputs/eventnet_sweep_v2_s43/taw_K4/best.pth",
  "frame_stride": 3,
  "n_frames": 485,
  "f1_mean": 0.5440681506292695,
  "object_f1": 0.738273375723952,
  "glass_f1": 0.28698221315988537,
  "ghost_f1": 0.6069488630039712,
  "peak_per_class_f1": {
    "noise": 0.7905355098438088,
    "object": 0.738273375723952,
    "glass": 0.28698221315988537,
    "ghost": 0.6069488630039712
  },
  "event_level_f1_mean": 0.5385897546194854,
  "event_per_class_f1": {
    "noise": 0.8291492832442282,
    "object": 0.731990705518785,
    "glass": 0.2867998940358466,
    "ghost": 0.5969786643038245
  },
  "peak_confusion_matrix": [
    [
      41259423,
      15105436,
      1036781,
      4561536
    ],
    [
      793428,
      50605675,
      6058810,
      4208429
    ],
    [
      74171,
      5885917,
      2653250,
      61873
    ],
    [
      293280,
      3828598,
      66641,
      10053006
    ]
  ],
  "event_confusion_matrix": [
    [
      53277835,
      15104227,
      1050836,
      4906825
    ],
    [
      586624,
      47039033,
      5686092,
      3988520
    ],
    [
      67892,
      5512626,
      2500875,
      57923
    ],
    [
      239971,
      3567425,
      62741,
      9497387
    ]
  ]
}