{
  "waveform_mse_mean": 0.020704204216599464,
  "waveform_mse_std": 0.005950619466602802,
  "energy_abs_mean": 15.951170921325684,
  "energy_rel_mean": 1.1482466459274292,
  "peak_loc_error_mean": 3.9673192538924003,
  "peak_loc_error_median": 3.0,
  "peak_count_mae": 3.604,
  "peak_count_acc": 0.00425,
  "peak_recall": 0.7883096366508688,
  "peak_precision": 0.2864650033119894,
  "ghost_recall": 0.9085841694537347,
  "compression_ratio": 87.5,
  "T": 700,
  "K": 8,
  "width_threshold": 9.0,
  "all_pos_err": 4.366306954436451,
  "all_intensity_relerr": 1.130515355365332,
  "all_fwhm_relerr": 0.4592372910015003,
  "all_recall": 0.8223500410846344,
  "all_n": 6085,
  "narrow_pos_err": 3.8680225010817826,
  "narrow_intensity_relerr": 1.5744886330989531,
  "narrow_fwhm_relerr": 0.4861336053244319,
  "narrow_recall": 0.8817245326211369,
  "narrow_n": 2621,
  "wide_pos_err": 4.793910137393242,
  "wide_intensity_relerr": 0.7495193491111922,
  "wide_fwhm_relerr": 0.4361561983909194,
  "wide_recall": 0.7774249422632794,
  "wide_n": 3464,
  "object_recall": 0.7967843964153927,
  "object_n": 3794,
  "glass_recall": 0.7062374245472837,
  "glass_n": 497,
  "ghost_n": 1794,
  "all_precision": 0.3032543482213199,
  "encoder": "coarse_binning"
}