{
  "waveform_mse_mean": 0.0020051400642842054,
  "waveform_mse_std": 0.0019007480004802346,
  "energy_abs_mean": 1.6230202913284302,
  "energy_rel_mean": 0.13877221941947937,
  "peak_loc_error_mean": 1.19973010318065,
  "peak_loc_error_median": 1.0,
  "peak_count_mae": 1.3797452687954275,
  "peak_count_acc": 0.23612142487454713,
  "peak_recall": 0.9719718840215891,
  "peak_precision": 0.5548275232052848,
  "ghost_recall": 0.9172932330827067,
  "compression_ratio": 2.734375,
  "T": 700,
  "K": 256,
  "width_threshold": 7.0,
  "all_pos_err": 1.4286857371474295,
  "all_intensity_relerr": 0.3130759788516318,
  "all_fwhm_relerr": 0.3322457658052351,
  "all_recall": 0.9699262708575863,
  "all_n": 5154,
  "narrow_pos_err": 1.618705035971223,
  "narrow_intensity_relerr": 0.4953028556820434,
  "narrow_fwhm_relerr": 0.6469042947460214,
  "narrow_recall": 0.9640605296343001,
  "narrow_n": 1586,
  "wide_pos_err": 1.344956772334294,
  "wide_intensity_relerr": 0.23278062015604117,
  "wide_fwhm_relerr": 0.19359651775034692,
  "wide_recall": 0.9725336322869955,
  "wide_n": 3568,
  "object_recall": 0.9950510361892979,
  "object_n": 3233,
  "glass_recall": 0.9606986899563319,
  "glass_n": 458,
  "ghost_n": 1463,
  "all_precision": 0.5025635870111591,
  "encoder": "spatial_separable",
  "K_perpixel": 16
}