{
  "feature_mode": "tawI",
  "K": 4,
  "checkpoint": "downstream/outputs/eventnet_sweep_v3/tawI_K4/best.pth",
  "frame_stride": 3,
  "n_frames": 485,
  "f1_mean": 0.5211224263962695,
  "object_f1": 0.7448279313498879,
  "glass_f1": 0.23421755392202345,
  "ghost_f1": 0.5843217939168972,
  "peak_per_class_f1": {
    "noise": 0.7948171783547132,
    "object": 0.7448279313498879,
    "glass": 0.23421755392202345,
    "ghost": 0.5843217939168972
  },
  "event_level_f1_mean": 0.5156117963297088,
  "event_per_class_f1": {
    "noise": 0.8324778102624084,
    "object": 0.7388947587100518,
    "glass": 0.23417795881317824,
    "ghost": 0.5737626714658962
  },
  "peak_confusion_matrix": [
    [
      41665281,
      14537690,
      733121,
      5027084
    ],
    [
      774254,
      51405694,
      4473834,
      5012560
    ],
    [
      109001,
      6629472,
      1849058,
      87680
    ],
    [
      330715,
      3794546,
      58011,
      10058253
    ]
  ],
  "event_confusion_matrix": [
    [
      53691749,
      14475076,
      737813,
      5435085
    ],
    [
      583023,
      47764225,
      4218826,
      4734195
    ],
    [
      101350,
      6211668,
      1743990,
      82308
    ],
    [
      276780,
      3534359,
      54625,
      9501760
    ]
  ]
}