{
  "feature_mode": "tawi",
  "K": 4,
  "checkpoint": "downstream/outputs/eventnet_sweep_v3/tawi_K4/best.pth",
  "frame_stride": 3,
  "n_frames": 485,
  "f1_mean": 0.534996617416938,
  "object_f1": 0.7498494057257306,
  "glass_f1": 0.26132800092965597,
  "ghost_f1": 0.5938124455954278,
  "peak_per_class_f1": {
    "noise": 0.7677563452317343,
    "object": 0.7498494057257306,
    "glass": 0.26132800092965597,
    "ghost": 0.5938124455954278
  },
  "event_level_f1_mean": 0.5302194590192969,
  "event_per_class_f1": {
    "noise": 0.8142037600753992,
    "object": 0.7445783343716903,
    "glass": 0.26175173067334745,
    "ghost": 0.584328312012853
  },
  "peak_confusion_matrix": [
    [
      39210725,
      16565881,
      887514,
      5299056
    ],
    [
      570070,
      53234610,
      4405670,
      3455992
    ],
    [
      74029,
      6424254,
      2111637,
      65291
    ],
    [
      325669,
      4096383,
      80785,
      9738688
    ]
  ],
  "event_confusion_matrix": [
    [
      51542915,
      16307396,
      896418,
      5592994
    ],
    [
      387618,
      49487042,
      4149225,
      3276384
    ],
    [
      68725,
      6013186,
      1996763,
      60642
    ],
    [
      270395,
      3818462,
      75201,
      9203466
    ]
  ]
}