{
  "feature_mode": "t_dt",
  "K": 4,
  "checkpoint": "downstream/outputs/eventnet_sweep/t_dt_K4/best.pth",
  "frame_stride": 3,
  "n_frames": 485,
  "f1_mean": 0.5085345594198238,
  "object_f1": 0.7203011565970857,
  "glass_f1": 0.28280701647517836,
  "ghost_f1": 0.5224955051872074,
  "peak_per_class_f1": {
    "noise": 0.7749417274401563,
    "object": 0.7203011565970857,
    "glass": 0.28280701647517836,
    "ghost": 0.5224955051872074
  },
  "event_level_f1_mean": 0.4820143544781155,
  "event_per_class_f1": {
    "noise": 0.7612836085115701,
    "object": 0.7006065310259938,
    "glass": 0.27538300214799344,
    "ghost": 0.47005353026035956
  },
  "peak_confusion_matrix": [
    [
      40380111,
      15093220,
      1431757,
      5058088
    ],
    [
      1224968,
      49006385,
      5427762,
      6007227
    ],
    [
      182603,
      5771944,
      2599891,
      120773
    ],
    [
      463716,
      4534041,
      251705,
      8992063
    ]
  ],
  "event_confusion_matrix": [
    [
      46780271,
      17215403,
      1924664,
      8419385
    ],
    [
      1157965,
      45356610,
      5118007,
      5667687
    ],
    [
      191040,
      5372886,
      2461788,
      113602
    ],
    [
      429407,
      4232957,
      235237,
      8469923
    ]
  ]
}