{
  "feature_mode": "taE",
  "K": 4,
  "checkpoint": "downstream/outputs/eventnet_sweep_E/taE_K4/best.pth",
  "frame_stride": 3,
  "n_frames": 485,
  "f1_mean": 0.49824475567695864,
  "object_f1": 0.7388918733219032,
  "glass_f1": 0.21845567720255574,
  "ghost_f1": 0.5373867165064169,
  "peak_per_class_f1": {
    "noise": 0.7882857474480613,
    "object": 0.7388918733219032,
    "glass": 0.21845567720255574,
    "ghost": 0.5373867165064169
  },
  "event_level_f1_mean": 0.4909777141200567,
  "event_per_class_f1": {
    "noise": 0.8236867092942859,
    "object": 0.7330512924550051,
    "glass": 0.2184256790882764,
    "ghost": 0.5214561708168888
  },
  "peak_confusion_matrix": [
    [
      41316534,
      14508181,
      877668,
      5260793
    ],
    [
      939521,
      51404899,
      5176923,
      4144999
    ],
    [
      125731,
      6602090,
      1814014,
      133376
    ],
    [
      481325,
      4959006,
      63800,
      8737394
    ]
  ],
  "event_confusion_matrix": [
    [
      52940591,
      14485129,
      898036,
      6015967
    ],
    [
      727891,
      47796594,
      4899423,
      3876361
    ],
    [
      116773,
      6182533,
      1716043,
      123967
    ],
    [
      420476,
      4639976,
      60014,
      8247058
    ]
  ]
}