{
  "waveform_mse_mean": 0.005260034464299679,
  "waveform_mse_std": 0.003558705560863018,
  "energy_abs_mean": 4.8193135261535645,
  "energy_rel_mean": 0.32491791248321533,
  "peak_loc_error_mean": 2.0608268887566923,
  "peak_loc_error_median": 2.0,
  "peak_count_mae": 1.54425,
  "peak_count_acc": 0.20775,
  "peak_recall": 0.8171102199538218,
  "peak_precision": 0.47459062676453984,
  "ghost_recall": 0.6020066889632107,
  "compression_ratio": 10.9375,
  "T": 700,
  "K": 64,
  "width_threshold": 9.0,
  "all_pos_err": 1.9948355011476664,
  "all_intensity_relerr": 0.4390271047395502,
  "all_fwhm_relerr": 0.43652295440090116,
  "all_recall": 0.8591618734593263,
  "all_n": 6085,
  "narrow_pos_err": 2.505579815623484,
  "narrow_intensity_relerr": 0.32204133066250706,
  "narrow_fwhm_relerr": 0.35570458168711444,
  "narrow_recall": 0.78634109118657,
  "narrow_n": 2621,
  "wide_pos_err": 1.6624565835175245,
  "wide_intensity_relerr": 0.5151583584095173,
  "wide_fwhm_relerr": 0.48911741798256025,
  "wide_recall": 0.9142609699769053,
  "wide_n": 3464,
  "object_recall": 0.9644175013178703,
  "object_n": 3794,
  "glass_recall": 0.9839034205231388,
  "glass_n": 497,
  "ghost_n": 1794,
  "all_precision": 0.490799849793466,
  "encoder": "coarse_binning"
}