{
  "feature_mode": "taw",
  "K": 4,
  "checkpoint": "downstream/outputs/eventnet_loss/focal_s42/best.pth",
  "frame_stride": 3,
  "n_frames": 485,
  "f1_mean": 0.5349001690963971,
  "object_f1": 0.7390440973311654,
  "glass_f1": 0.29570096944327845,
  "ghost_f1": 0.5699554405147477,
  "peak_per_class_f1": {
    "noise": 0.7838899423171078,
    "object": 0.7390440973311654,
    "glass": 0.29570096944327845,
    "ghost": 0.5699554405147477
  },
  "event_level_f1_mean": 0.5288959964328525,
  "event_per_class_f1": {
    "noise": 0.8235090935342746,
    "object": 0.7332509153447326,
    "glass": 0.2945576081483355,
    "ghost": 0.5588794658054894
  },
  "peak_confusion_matrix": [
    [
      40630656,
      14770272,
      1107253,
      5454995
    ],
    [
      663530,
      50643816,
      5969064,
      4389932
    ],
    [
      84982,
      5753794,
      2744232,
      92203
    ],
    [
      321841,
      4217993,
      65099,
      9636592
    ]
  ],
  "event_confusion_matrix": [
    [
      52618193,
      14717659,
      1117040,
      5886831
    ],
    [
      483811,
      47089523,
      5598524,
      4128411
    ],
    [
      79447,
      5397281,
      2576268,
      86320
    ],
    [
      269019,
      3935675,
      61308,
      9101522
    ]
  ]
}