{
  "feature_mode": "tdtaw",
  "K": 2,
  "checkpoint": "downstream/outputs/eventnet_sweep/tdtaw_K2/best.pth",
  "frame_stride": 3,
  "n_frames": 485,
  "f1_mean": 0.49698073864739145,
  "object_f1": 0.745283077464104,
  "glass_f1": 0.24964551959001008,
  "ghost_f1": 0.49601361888806017,
  "peak_per_class_f1": {
    "noise": 0.8024077591517812,
    "object": 0.745283077464104,
    "glass": 0.24964551959001008,
    "ghost": 0.49601361888806017
  },
  "event_level_f1_mean": 0.514492101602298,
  "event_per_class_f1": {
    "noise": 0.7121324402486013,
    "object": 0.7540557857254298,
    "glass": 0.25462434710354176,
    "ghost": 0.5347961719779225
  },
  "peak_confusion_matrix": [
    [
      45367634,
      12060182,
      842007,
      3693353
    ],
    [
      2689763,
      49675979,
      4381268,
      4919332
    ],
    [
      431548,
      6099409,
      2014969,
      129285
    ],
    [
      2626631,
      3805768,
      229186,
      7579940
    ]
  ],
  "event_confusion_matrix": [
    [
      21144207,
      11820009,
      823379,
      3789577
    ],
    [
      350890,
      46195329,
      4100932,
      4603384
    ],
    [
      89274,
      5718567,
      1889779,
      120333
    ],
    [
      221251,
      3540524,
      211620,
      7177320
    ]
  ]
}