{
  "waveform_mse_mean": 0.002866922877728939,
  "waveform_mse_std": 0.0026374170556664467,
  "energy_abs_mean": 1.8319365978240967,
  "energy_rel_mean": 0.1537718027830124,
  "peak_loc_error_mean": 1.4481270018103327,
  "peak_loc_error_median": 1.0,
  "peak_count_mae": 2.4005,
  "peak_count_acc": 0.1035,
  "peak_recall": 0.9472365123334653,
  "peak_precision": 0.41883931175269756,
  "ghost_recall": 0.9012468827930175,
  "compression_ratio": 87.5,
  "T": 700,
  "K": 8,
  "width_threshold": 7.0,
  "all_pos_err": 1.511144692104269,
  "all_intensity_relerr": 0.30753895591550423,
  "all_fwhm_relerr": 0.33369699034202105,
  "all_recall": 0.9535302593659942,
  "all_n": 5552,
  "narrow_pos_err": 1.7784921098772648,
  "narrow_intensity_relerr": 0.3972311888703504,
  "narrow_fwhm_relerr": 0.5665984804208066,
  "narrow_recall": 0.9447818884594147,
  "narrow_n": 1811,
  "wide_pos_err": 1.3834775327937483,
  "wide_intensity_relerr": 0.26470797333505713,
  "wide_fwhm_relerr": 0.22247889111656696,
  "wide_recall": 0.9577653033948142,
  "wide_n": 3741,
  "object_recall": 0.9915226605803718,
  "object_n": 3067,
  "glass_recall": 0.9291666666666667,
  "glass_n": 480,
  "ghost_n": 2005,
  "all_precision": 0.42206808578489996,
  "encoder": "learnable_linear"
}