{
  "waveform_mse_mean": 0.004143198020756245,
  "waveform_mse_std": 0.002629860071465373,
  "energy_abs_mean": 5.147181510925293,
  "energy_rel_mean": 0.35094591975212097,
  "peak_loc_error_mean": 1.4165143205362585,
  "peak_loc_error_median": 1.0,
  "peak_count_mae": 0.81525,
  "peak_count_acc": 0.35675,
  "peak_recall": 0.7976667881881152,
  "peak_precision": 0.6255002858776444,
  "ghost_recall": 0.3935340022296544,
  "compression_ratio": 10.9375,
  "T": 700,
  "K": 64,
  "width_threshold": 9.0,
  "all_pos_err": 1.15847563515202,
  "all_intensity_relerr": 0.4760288243505542,
  "all_fwhm_relerr": 0.4261083129671811,
  "all_recall": 0.7891536565324568,
  "all_n": 6085,
  "narrow_pos_err": 1.1276470588235294,
  "narrow_intensity_relerr": 0.37139816578862705,
  "narrow_fwhm_relerr": 0.3223718487394958,
  "narrow_recall": 0.6486074017550553,
  "narrow_n": 2621,
  "wide_pos_err": 1.175370728562218,
  "wide_intensity_relerr": 0.5333699331691475,
  "wide_fwhm_relerr": 0.4829593733111737,
  "wide_recall": 0.8954965357967667,
  "wide_n": 3464,
  "object_recall": 0.9649446494464945,
  "object_n": 3794,
  "glass_recall": 0.8752515090543259,
  "glass_n": 497,
  "ghost_n": 1794,
  "all_precision": 0.6283695367704789,
  "encoder": "learnable_linear"
}