{
  "waveform_mse_mean": 0.016059210523962975,
  "waveform_mse_std": 0.004519735462963581,
  "energy_abs_mean": 16.179370880126953,
  "energy_rel_mean": 1.3549737930297852,
  "peak_loc_error_mean": 3.4622675250357653,
  "peak_loc_error_median": 3.0,
  "peak_count_mae": 2.79125,
  "peak_count_acc": 0.079,
  "peak_recall": 0.737633557578156,
  "peak_precision": 0.30009659761725876,
  "ghost_recall": 0.6738154613466334,
  "compression_ratio": 87.5,
  "T": 700,
  "K": 8,
  "width_threshold": 7.0,
  "all_pos_err": 3.768129547054682,
  "all_intensity_relerr": 0.5577911408790451,
  "all_fwhm_relerr": 0.7287179576956064,
  "all_recall": 0.767471181556196,
  "all_n": 5552,
  "narrow_pos_err": 3.313317936874519,
  "narrow_intensity_relerr": 0.7175812482178227,
  "narrow_fwhm_relerr": 1.0323838850397742,
  "narrow_recall": 0.7172832689122032,
  "narrow_n": 1811,
  "wide_pos_err": 3.9675894665766376,
  "wide_intensity_relerr": 0.48771438549988505,
  "wide_fwhm_relerr": 0.5955437377023338,
  "wide_recall": 0.7917669072440524,
  "wide_n": 3741,
  "object_recall": 0.8232800782523638,
  "object_n": 3067,
  "glass_recall": 0.8020833333333334,
  "glass_n": 480,
  "ghost_n": 2005,
  "all_precision": 0.31020675596971464,
  "encoder": "coarse_binning"
}