{
  "feature_mode": "tdta",
  "K": 4,
  "checkpoint": "downstream/outputs/eventnet_sweep_v2_s43/tdta_K4/best.pth",
  "frame_stride": 3,
  "n_frames": 485,
  "f1_mean": 0.5110716151525698,
  "object_f1": 0.7319094250685304,
  "glass_f1": 0.24224717337896903,
  "ghost_f1": 0.55905824701021,
  "peak_per_class_f1": {
    "noise": 0.7895854730038554,
    "object": 0.7319094250685304,
    "glass": 0.24224717337896903,
    "ghost": 0.55905824701021
  },
  "event_level_f1_mean": 0.504975638565242,
  "event_per_class_f1": {
    "noise": 0.82745314778899,
    "object": 0.7265882597767922,
    "glass": 0.24206362385635916,
    "ghost": 0.5462750320625746
  },
  "peak_confusion_matrix": [
    [
      41335460,
      14348911,
      828799,
      5450006
    ],
    [
      830214,
      49763915,
      5226450,
      5845763
    ],
    [
      156278,
      6381363,
      2037673,
      99897
    ],
    [
      416545,
      3823276,
      54957,
      9946747
    ]
  ],
  "event_confusion_matrix": [
    [
      53267785,
      14199725,
      844528,
      6027685
    ],
    [
      638339,
      46241271,
      4911376,
      5509283
    ],
    [
      145599,
      5979917,
      1920515,
      93285
    ],
    [
      359735,
      3562105,
      52118,
      9393566
    ]
  ]
}