{
  "feature_mode": "ta",
  "K": 4,
  "checkpoint": "downstream/outputs/eventnet_sweep_v2/ta_K4/best.pth",
  "frame_stride": 3,
  "n_frames": 485,
  "f1_mean": 0.5312994726611135,
  "object_f1": 0.7489686601665146,
  "glass_f1": 0.25312688685922785,
  "ghost_f1": 0.5918028709575983,
  "peak_per_class_f1": {
    "noise": 0.7863540050543687,
    "object": 0.7489686601665146,
    "glass": 0.25312688685922785,
    "ghost": 0.5918028709575983
  },
  "event_level_f1_mean": 0.5266674482227085,
  "event_per_class_f1": {
    "noise": 0.8268921062339784,
    "object": 0.7428336679720973,
    "glass": 0.2531888869474052,
    "ghost": 0.583979789748623
  },
  "peak_confusion_matrix": [
    [
      40955102,
      15802690,
      821923,
      4383461
    ],
    [
      744240,
      52925958,
      4731092,
      3265052
    ],
    [
      92726,
      6419855,
      2073285,
      89345
    ],
    [
      409297,
      4515389,
      79878,
      9236961
    ]
  ],
  "event_confusion_matrix": [
    [
      53089529,
      15782091,
      822660,
      4645443
    ],
    [
      544821,
      49227748,
      4457954,
      3069746
    ],
    [
      85320,
      6015489,
      1956150,
      82357
    ],
    [
      347998,
      4214836,
      76020,
      8728670
    ]
  ]
}