{
  "feature_mode": "taw",
  "K": 4,
  "checkpoint": "downstream/outputs/eventnet_vrex/vrex_b1_s42/best.pth",
  "frame_stride": 3,
  "n_frames": 485,
  "f1_mean": 0.5470100633515953,
  "object_f1": 0.7548638224131474,
  "glass_f1": 0.2871585953492724,
  "ghost_f1": 0.5990077722923661,
  "peak_per_class_f1": {
    "noise": 0.7900044591960202,
    "object": 0.7548638224131474,
    "glass": 0.2871585953492724,
    "ghost": 0.5990077722923661
  },
  "event_level_f1_mean": 0.540404781747679,
  "event_per_class_f1": {
    "noise": 0.8279305271569308,
    "object": 0.7500600121329773,
    "glass": 0.28629391644782654,
    "ghost": 0.5848604166622333
  },
  "peak_confusion_matrix": [
    [
      41425134,
      14376437,
      899048,
      5262557
    ],
    [
      778821,
      51812996,
      5206588,
      3867937
    ],
    [
      212629,
      5840281,
      2498210,
      124091
    ],
    [
      493405,
      3581674,
      120457,
      10045989
    ]
  ],
  "event_confusion_matrix": [
    [
      53368432,
      14207174,
      919807,
      5844310
    ],
    [
      587635,
      48203485,
      4892696,
      3616453
    ],
    [
      196305,
      5478754,
      2350023,
      114234
    ],
    [
      427978,
      3342660,
      115014,
      9481872
    ]
  ]
}