{
  "waveform_mse_mean": 0.01063990406692028,
  "waveform_mse_std": 0.006614701822400093,
  "energy_abs_mean": 2.5779061317443848,
  "energy_rel_mean": 0.17871128022670746,
  "peak_loc_error_mean": 2.6014294403892944,
  "peak_loc_error_median": 2.0,
  "peak_count_mae": 2.908,
  "peak_count_acc": 0.031,
  "peak_recall": 0.7991250455705432,
  "peak_precision": 0.3313013250037785,
  "ghost_recall": 0.5128205128205128,
  "compression_ratio": 87.5,
  "T": 700,
  "K": 8,
  "width_threshold": 9.0,
  "all_pos_err": 2.4025415044066407,
  "all_intensity_relerr": 0.9754359167061042,
  "all_fwhm_relerr": 0.49772275604736965,
  "all_recall": 0.8018077239112572,
  "all_n": 6085,
  "narrow_pos_err": 2.5499468650371946,
  "narrow_intensity_relerr": 1.4092580370468646,
  "narrow_fwhm_relerr": 0.38794595415211774,
  "narrow_recall": 0.7180465471194201,
  "narrow_n": 2621,
  "wide_pos_err": 2.3099766433099767,
  "wide_intensity_relerr": 0.7030124163786727,
  "wide_fwhm_relerr": 0.5666583386856291,
  "wide_recall": 0.8651847575057737,
  "wide_n": 3464,
  "object_recall": 0.9161834475487612,
  "object_n": 3794,
  "glass_recall": 0.971830985915493,
  "glass_n": 497,
  "ghost_n": 1794,
  "all_precision": 0.34087892126039265,
  "encoder": "random_projection"
}