{
  "feature_mode": "taw",
  "K": 4,
  "checkpoint": "downstream/outputs/eventnet_sweep_v3/taw_K4/best.pth",
  "frame_stride": 3,
  "n_frames": 485,
  "f1_mean": 0.5364132545220484,
  "object_f1": 0.7477912633531985,
  "glass_f1": 0.2619532815231372,
  "ghost_f1": 0.5994952186898096,
  "peak_per_class_f1": {
    "noise": 0.7907844363483197,
    "object": 0.7477912633531985,
    "glass": 0.2619532815231372,
    "ghost": 0.5994952186898096
  },
  "event_level_f1_mean": 0.5313934665743477,
  "event_per_class_f1": {
    "noise": 0.8302193010260411,
    "object": 0.7420068612289321,
    "glass": 0.2617688966664944,
    "ghost": 0.5904046418276169
  },
  "peak_confusion_matrix": [
    [
      41239559,
      15039716,
      865883,
      4818018
    ],
    [
      701380,
      51948404,
      4901628,
      4114930
    ],
    [
      90313,
      6334842,
      2182447,
      67609
    ],
    [
      305953,
      3948944,
      37703,
      9948925
    ]
  ],
  "event_confusion_matrix": [
    [
      53360610,
      14975622,
      872638,
      5130853
    ],
    [
      509369,
      48304430,
      4608594,
      3877876
    ],
    [
      83091,
      5937980,
      2056502,
      61743
    ],
    [
      253026,
      3681115,
      35298,
      9398085
    ]
  ]
}