{
  "waveform_mse_mean": 0.0,
  "waveform_mse_std": 0.0,
  "energy_abs_mean": 0.0,
  "energy_rel_mean": 0.0,
  "peak_loc_error_mean": 0.8887107548430194,
  "peak_loc_error_median": 1.0,
  "peak_count_mae": 1.25525,
  "peak_count_acc": 0.2995,
  "peak_recall": 0.9873367629600317,
  "peak_precision": 0.59688995215311,
  "ghost_recall": 0.9790523690773068,
  "compression_ratio": 1.0,
  "T": 700,
  "K": 700,
  "width_threshold": 7.0,
  "all_pos_err": 0.08827812158718602,
  "all_intensity_relerr": 0.006072684783683611,
  "all_fwhm_relerr": 0.0036160774761694312,
  "all_recall": 0.9895533141210374,
  "all_n": 5552,
  "narrow_pos_err": 0.09465478841870824,
  "narrow_intensity_relerr": 0.012136795446425536,
  "narrow_fwhm_relerr": 0.007034149962880475,
  "narrow_recall": 0.9917172832689122,
  "narrow_n": 1811,
  "wide_pos_err": 0.08518117901568416,
  "wide_intensity_relerr": 0.003127540719247565,
  "wide_fwhm_relerr": 0.0019560292917094432,
  "wide_recall": 0.9885057471264368,
  "wide_n": 3741,
  "object_recall": 0.9983697424193022,
  "object_n": 3067,
  "glass_recall": 0.9770833333333333,
  "glass_n": 480,
  "ghost_n": 2005,
  "all_precision": 0.5918345362490575,
  "encoder": "full_waveform_upper_bound"
}