{
  "compress": "event",
  "ae_ckpt": null,
  "ae_meta": {
    "k": 3,
    "representation": "ta",
    "intensity_mode": "height",
    "smooth_sigma": 1.5,
    "min_height": 0.03,
    "min_distance": 3,
    "fixed_width": 4.0,
    "fixed_amplitude": 1.0,
    "dim": 6
  },
  "macro_f1": 0.1732093338257595,
  "macro_f1_4class": 0.37618242121145884,
  "ignore_visualize_labels": [],
  "per_class_f1": {
    "object": 0.08289310173486888,
    "glass": 0.12877352048666826,
    "ghost": 0.3079613792557414
  },
  "per_class_precision": {
    "object": 0.7670134363839914,
    "glass": 0.13392945209600532,
    "ghost": 0.19052772331765488
  },
  "per_class_recall": {
    "object": 0.043814101830821996,
    "glass": 0.12399985234818561,
    "ghost": 0.802735195384167
  },
  "confusion_matrix": [
    [
      4536683917,
      964572,
      2066804,
      42655575
    ],
    [
      74029088,
      6781333,
      12964774,
      60999928
    ],
    [
      11872787,
      910157,
      2388427,
      4090160
    ],
    [
      5633462,
      185156,
      413466,
      25360394
    ]
  ],
  "checkpoint": "/data3/user/yoshida/fwl_mae/neurips2026/checkpoints/neurips_best/vit3d_ordered_pruning_light_finetune_epoch_50_20260423_221908_0.02523.pth"
}