{
  "compress": "event",
  "ae_ckpt": null,
  "ae_meta": {
    "k": 3,
    "representation": "tw",
    "intensity_mode": "height",
    "smooth_sigma": 1.5,
    "min_height": 0.03,
    "min_distance": 3,
    "fixed_width": 4.0,
    "fixed_amplitude": 1.0,
    "dim": 6
  },
  "macro_f1": 0.3349287935420389,
  "macro_f1_4class": 0.49660392901980754,
  "ignore_visualize_labels": [],
  "per_class_f1": {
    "object": 0.43581660302184005,
    "glass": 0.20952246497473886,
    "ghost": 0.35944731262953794
  },
  "per_class_precision": {
    "object": 0.5956555750291225,
    "glass": 0.16528704549063492,
    "ghost": 0.2562027734773163
  },
  "per_class_recall": {
    "object": 0.3436114665533168,
    "glass": 0.2860874351057556,
    "ghost": 0.6020689165313338
  },
  "confusion_matrix": [
    [
      4502491608,
      28242199,
      8023003,
      43614058
    ],
    [
      71676827,
      53182507,
      19296909,
      10618880
    ],
    [
      8833361,
      3930089,
      5510482,
      987599
    ],
    [
      8133965,
      3929196,
      508468,
      19020849
    ]
  ],
  "checkpoint": "/data3/user/yoshida/fwl_mae/neurips2026/checkpoints/neurips_best/vit3d_ordered_pruning_light_finetune_epoch_50_20260423_221908_0.02523.pth"
}