{
  "compress": "event",
  "ae_ckpt": null,
  "ae_meta": {
    "k": 8,
    "representation": "tw",
    "intensity_mode": "height",
    "smooth_sigma": 1.5,
    "min_height": 0.03,
    "min_distance": 3,
    "fixed_width": 4.0,
    "fixed_amplitude": 1.0,
    "dim": 16
  },
  "macro_f1": 0.27610978340921943,
  "macro_f1_4class": 0.45153442996185744,
  "ignore_visualize_labels": [],
  "per_class_f1": {
    "object": 0.4032015274220462,
    "glass": 0.11944899862444631,
    "ghost": 0.3056788241811657
  },
  "per_class_precision": {
    "object": 0.45448271859579653,
    "glass": 0.11307146827676653,
    "ghost": 0.2506556685793731
  },
  "per_class_recall": {
    "object": 0.36231949885124626,
    "glass": 0.12658895079524052,
    "ghost": 0.39165335495366965
  },
  "confusion_matrix": [
    [
      4486211295,
      57016304,
      4888902,
      34254367
    ],
    [
      82453234,
      56078045,
      13766223,
      2477621
    ],
    [
      11433331,
      5131456,
      2438297,
      258447
    ],
    [
      13585465,
      5162924,
      470789,
      12373300
    ]
  ],
  "checkpoint": "/data3/user/yoshida/fwl_mae/neurips2026/checkpoints/neurips_best/vit3d_ordered_pruning_light_finetune_epoch_50_20260423_221908_0.02523.pth"
}