{
  "compress": "event",
  "ae_ckpt": null,
  "ae_meta": {
    "k": 6,
    "representation": "ta",
    "intensity_mode": "height",
    "smooth_sigma": 1.5,
    "min_height": 0.03,
    "min_distance": 3,
    "fixed_width": 4.0,
    "fixed_amplitude": 1.0,
    "dim": 12
  },
  "macro_f1": 0.1789940829161,
  "macro_f1_4class": 0.38036666910167916,
  "ignore_visualize_labels": [],
  "per_class_f1": {
    "object": 0.09290444722279201,
    "glass": 0.14906192535808727,
    "ghost": 0.2950158761674207
  },
  "per_class_precision": {
    "object": 0.7584778267956153,
    "glass": 0.1596183249948835,
    "ghost": 0.17930008851184814
  },
  "per_class_recall": {
    "object": 0.049482745363413475,
    "glass": 0.13981520991244153,
    "ghost": 0.8319093234788357
  },
  "confusion_matrix": [
    [
      4527063068,
      1285276,
      2292075,
      51730449
    ],
    [
      70916677,
      7658698,
      11629037,
      64570711
    ],
    [
      11656603,
      913604,
      2693055,
      3998269
    ],
    [
      4812847,
      239880,
      257674,
      26282077
    ]
  ],
  "checkpoint": "/data3/user/yoshida/fwl_mae/neurips2026/checkpoints/neurips_best/vit3d_ordered_pruning_light_finetune_epoch_50_20260423_221908_0.02523.pth"
}