{
  "waveform_mse_mean": 0.0015065904008224607,
  "waveform_mse_std": 0.0007558605866506696,
  "energy_abs_mean": 1.6953033208847046,
  "energy_rel_mean": 0.1180572658777237,
  "peak_loc_error_mean": 2.9905482041587903,
  "peak_loc_error_median": 2.0,
  "peak_count_mae": 0.4085,
  "peak_count_acc": 0.643,
  "peak_recall": 0.6984420385529443,
  "peak_precision": 0.665241448692153,
  "ghost_recall": 0.5159485170677113,
  "compression_ratio": 43.75,
  "T": 700,
  "K": 16,
  "ghost_proxy_precision": 0.8043478260869565,
  "ghost_proxy_recall": 0.6512992455993294,
  "ghost_proxy_f1": 0.7197776748494673,
  "ghost_proxy_f1_upperbound": 0.9447147279964617,
  "ghost_proxy_f1_retention": 0.7618994957091038,
  "width_threshold": 17.089962005615234,
  "all_pos_err": 4.816196542311192,
  "all_intensity_relerr": 0.8090739315643656,
  "all_fwhm_relerr": 1.1179155406030061,
  "all_recall": 0.7769529869211735,
  "all_n": 2829,
  "narrow_pos_err": 5.600569259962049,
  "narrow_intensity_relerr": 1.0020619535820139,
  "narrow_fwhm_relerr": 1.706450211241125,
  "narrow_recall": 0.745930644019816,
  "narrow_n": 1413,
  "wide_pos_err": 4.093531468531468,
  "wide_intensity_relerr": 0.6312685336564974,
  "wide_fwhm_relerr": 0.5756816744731305,
  "wide_recall": 0.807909604519774,
  "wide_n": 1416,
  "all_precision": 0.7383271750083977,
  "encoder": "coarse_binning"
}