{
  "waveform_mse_mean": 0.00711178220808506,
  "waveform_mse_std": 0.004497851245105267,
  "energy_abs_mean": 3.3941338062286377,
  "energy_rel_mean": 0.2349683791399002,
  "peak_loc_error_mean": 2.5206401435836074,
  "peak_loc_error_median": 2.0,
  "peak_count_mae": 1.37425,
  "peak_count_acc": 0.1695,
  "peak_recall": 0.8124924049094665,
  "peak_precision": 0.4986575178997613,
  "ghost_recall": 0.5674470457079153,
  "compression_ratio": 21.875,
  "T": 700,
  "K": 32,
  "width_threshold": 9.0,
  "all_pos_err": 2.555777289962083,
  "all_intensity_relerr": 0.4772785977820001,
  "all_fwhm_relerr": 0.4164132484565767,
  "all_recall": 0.8235004108463435,
  "all_n": 6085,
  "narrow_pos_err": 2.9425408539799682,
  "narrow_intensity_relerr": 0.466708263211208,
  "narrow_fwhm_relerr": 0.3829618194141125,
  "narrow_recall": 0.7237695536054941,
  "narrow_n": 2621,
  "wide_pos_err": 2.3201669877970454,
  "wide_intensity_relerr": 0.48371787995309595,
  "wide_fwhm_relerr": 0.4367913348064657,
  "wide_recall": 0.898960739030023,
  "wide_n": 3464,
  "object_recall": 0.9404322614654718,
  "object_n": 3794,
  "glass_recall": 0.8551307847082495,
  "glass_n": 497,
  "ghost_n": 1794,
  "all_precision": 0.5002495757212738,
  "encoder": "coarse_binning"
}