{
  "waveform_mse_mean": 0.006768655963242054,
  "waveform_mse_std": 0.005002021323889494,
  "energy_abs_mean": 3.269679307937622,
  "energy_rel_mean": 0.21535837650299072,
  "peak_loc_error_mean": 1.9174461766889384,
  "peak_loc_error_median": 2.0,
  "peak_count_mae": 2.10825,
  "peak_count_acc": 0.11,
  "peak_recall": 0.8184469558877142,
  "peak_precision": 0.40611432706222866,
  "ghost_recall": 0.46488294314381273,
  "compression_ratio": 43.75,
  "T": 700,
  "K": 16,
  "width_threshold": 9.0,
  "all_pos_err": 1.8080726538849647,
  "all_intensity_relerr": 0.5979104306042099,
  "all_fwhm_relerr": 0.44287051896298274,
  "all_recall": 0.8142974527526705,
  "all_n": 6085,
  "narrow_pos_err": 2.1174533479692648,
  "narrow_intensity_relerr": 0.6786743047775156,
  "narrow_fwhm_relerr": 0.35041816946317494,
  "narrow_recall": 0.695154521175124,
  "narrow_n": 2621,
  "wide_pos_err": 1.6281519310564954,
  "wide_intensity_relerr": 0.5509421003317033,
  "wide_fwhm_relerr": 0.49663629642504775,
  "wide_recall": 0.9044457274826789,
  "wide_n": 3464,
  "object_recall": 0.9588824459673169,
  "object_n": 3794,
  "glass_recall": 0.971830985915493,
  "glass_n": 497,
  "ghost_n": 1794,
  "all_precision": 0.4209855564995752,
  "encoder": "random_projection"
}