{
  "waveform_mse_mean": 0.007032580208033323,
  "waveform_mse_std": 0.00442531518638134,
  "energy_abs_mean": 4.025386333465576,
  "energy_rel_mean": 0.2647170126438141,
  "peak_loc_error_mean": 2.105961376994123,
  "peak_loc_error_median": 2.0,
  "peak_count_mae": 2.28575,
  "peak_count_acc": 0.1425,
  "peak_recall": 0.7236602260298943,
  "peak_precision": 0.34501738122827347,
  "ghost_recall": 0.3695652173913043,
  "compression_ratio": 87.5,
  "T": 700,
  "K": 8,
  "width_threshold": 9.0,
  "all_pos_err": 1.9946282767511818,
  "all_intensity_relerr": 0.48145789556061186,
  "all_fwhm_relerr": 0.3952293239434465,
  "all_recall": 0.7648315529991783,
  "all_n": 6085,
  "narrow_pos_err": 2.645614035087719,
  "narrow_intensity_relerr": 0.4162389240234721,
  "narrow_fwhm_relerr": 0.30930172653856863,
  "narrow_recall": 0.652422739412438,
  "narrow_n": 2621,
  "wide_pos_err": 1.616508152173913,
  "wide_intensity_relerr": 0.5193398389466541,
  "wide_fwhm_relerr": 0.445139715099133,
  "wide_recall": 0.8498845265588915,
  "wide_n": 3464,
  "object_recall": 0.9317343173431735,
  "object_n": 3794,
  "glass_recall": 0.9175050301810865,
  "glass_n": 497,
  "ghost_n": 1794,
  "all_precision": 0.3563007196447711,
  "encoder": "learnable_linear"
}