{
  "waveform_mse_mean": 0.0,
  "waveform_mse_std": 0.0,
  "energy_abs_mean": 0.0,
  "energy_rel_mean": 0.0,
  "peak_loc_error_mean": 0.7667969704373321,
  "peak_loc_error_median": 1.0,
  "peak_count_mae": 1.078,
  "peak_count_acc": 0.29475,
  "peak_recall": 0.9947745777129663,
  "peak_precision": 0.6544088256455353,
  "ghost_recall": 0.9905239687848384,
  "compression_ratio": 1.0,
  "T": 700,
  "K": 700,
  "width_threshold": 9.0,
  "all_pos_err": 0.06414283352620267,
  "all_intensity_relerr": 0.02526782265444714,
  "all_fwhm_relerr": 0.0032144746966350926,
  "all_recall": 0.9940838126540674,
  "all_n": 6085,
  "narrow_pos_err": 0.07674597083653108,
  "narrow_intensity_relerr": 0.05688314960840119,
  "narrow_fwhm_relerr": 0.006760497752439426,
  "narrow_recall": 0.994276993513926,
  "narrow_n": 2621,
  "wide_pos_err": 0.054603543421434794,
  "wide_intensity_relerr": 0.001338243205709338,
  "wide_fwhm_relerr": 0.0005304967461773257,
  "wide_recall": 0.9939376443418014,
  "wide_n": 3464,
  "object_recall": 0.9952556668423828,
  "object_n": 3794,
  "glass_recall": 0.9979879275653923,
  "glass_n": 497,
  "ghost_n": 1794,
  "all_precision": 0.6464678850058779,
  "encoder": "full_waveform_upper_bound"
}