{
  "feature_mode": "taw",
  "K": 4,
  "checkpoint": "downstream/outputs/eventnet_loss/glassw1p5_s43/best.pth",
  "frame_stride": 3,
  "n_frames": 485,
  "f1_mean": 0.5264006455708518,
  "object_f1": 0.726102599761008,
  "glass_f1": 0.2710751431549509,
  "ghost_f1": 0.5820241937965963,
  "peak_per_class_f1": {
    "noise": 0.7928736071987469,
    "object": 0.726102599761008,
    "glass": 0.2710751431549509,
    "ghost": 0.5820241937965963
  },
  "event_level_f1_mean": 0.5206796369690961,
  "event_per_class_f1": {
    "noise": 0.8301987269078365,
    "object": 0.7203369874227831,
    "glass": 0.2694128180574044,
    "ghost": 0.5722891054271011
  },
  "peak_confusion_matrix": [
    [
      41433095,
      14106531,
      1424552,
      4998998
    ],
    [
      688040,
      48627721,
      7356669,
      4993912
    ],
    [
      71214,
      5776449,
      2759441,
      68107
    ],
    [
      358220,
      3764692,
      143360,
      9975253
    ]
  ],
  "event_confusion_matrix": [
    [
      53381109,
      14068546,
      1503354,
      5386714
    ],
    [
      507600,
      45193107,
      6899862,
      4699700
    ],
    [
      66566,
      5412775,
      2596188,
      63787
    ],
    [
      303390,
      3502983,
      134216,
      9426935
    ]
  ]
}