{
  "waveform_mse_mean": 0.005435112398117781,
  "waveform_mse_std": 0.0030273152515292168,
  "energy_abs_mean": 4.973423004150391,
  "energy_rel_mean": 0.34286126494407654,
  "peak_loc_error_mean": 1.6475704030922143,
  "peak_loc_error_median": 1.0,
  "peak_count_mae": 1.54375,
  "peak_count_acc": 0.17025,
  "peak_recall": 0.8803013731923685,
  "peak_precision": 0.5076384022424667,
  "ghost_recall": 0.7625418060200669,
  "compression_ratio": 5.46875,
  "T": 700,
  "K": 128,
  "width_threshold": 9.0,
  "all_pos_err": 1.478441277286668,
  "all_intensity_relerr": 0.45558175768441417,
  "all_fwhm_relerr": 0.43776580383165603,
  "all_recall": 0.9109285127362367,
  "all_n": 6085,
  "narrow_pos_err": 1.5103024989039895,
  "narrow_intensity_relerr": 0.3377459567386169,
  "narrow_fwhm_relerr": 0.33426285463769023,
  "narrow_recall": 0.870278519648989,
  "narrow_n": 2621,
  "wide_pos_err": 1.4561618638871858,
  "wide_intensity_relerr": 0.5379801212519688,
  "wide_fwhm_relerr": 0.5101417164961061,
  "wide_recall": 0.9416859122401847,
  "wide_n": 3464,
  "object_recall": 0.9696889826041117,
  "object_n": 3794,
  "glass_recall": 0.9979879275653923,
  "glass_n": 497,
  "ghost_n": 1794,
  "all_precision": 0.5331345580455901,
  "encoder": "coarse_binning"
}