{
  "waveform_mse_mean": 0.0006611159187741578,
  "waveform_mse_std": 0.00044712776434607804,
  "energy_abs_mean": 3.9100115299224854,
  "energy_rel_mean": 0.24841861426830292,
  "peak_loc_error_mean": 1.9279886484568995,
  "peak_loc_error_median": 1.0,
  "peak_count_mae": 1.22,
  "peak_count_acc": 0.2895,
  "peak_recall": 0.7443886981779773,
  "peak_precision": 0.48097594267189897,
  "ghost_recall": 0.4583100167879127,
  "compression_ratio": 87.5,
  "T": 700,
  "K": 8,
  "ghost_proxy_precision": 0.587171052631579,
  "ghost_proxy_recall": 0.5984911986588433,
  "ghost_proxy_f1": 0.5927770859277709,
  "ghost_proxy_f1_upperbound": 0.9447147279964617,
  "ghost_proxy_f1_retention": 0.6274667562184878,
  "width_threshold": 17.089962005615234,
  "all_pos_err": 1.8937558247903075,
  "all_intensity_relerr": 0.25870608739216644,
  "all_fwhm_relerr": 0.3143708196717292,
  "all_recall": 0.7585719335454224,
  "all_n": 2829,
  "narrow_pos_err": 1.568203198494826,
  "narrow_intensity_relerr": 0.2504543124752458,
  "narrow_fwhm_relerr": 0.35708784722182435,
  "narrow_recall": 0.7523000707714084,
  "narrow_n": 1413,
  "wide_pos_err": 2.2132963988919667,
  "wide_intensity_relerr": 0.2668054749606676,
  "wide_fwhm_relerr": 0.2724426568963357,
  "wide_recall": 0.7648305084745762,
  "wide_n": 1416,
  "all_precision": 0.4848621780388613,
  "encoder": "learnable_linear"
}