{
  "waveform_mse_mean": 0.0020249774679541588,
  "waveform_mse_std": 0.002266514813527465,
  "energy_abs_mean": 1.6170119047164917,
  "energy_rel_mean": 0.12728042900562286,
  "peak_loc_error_mean": 1.126932903052306,
  "peak_loc_error_median": 1.0,
  "peak_count_mae": 1.857,
  "peak_count_acc": 0.2095,
  "peak_recall": 0.9810051444400475,
  "peak_precision": 0.49649509313038254,
  "ghost_recall": 0.969077306733167,
  "compression_ratio": 21.875,
  "T": 700,
  "K": 32,
  "width_threshold": 7.0,
  "all_pos_err": 1.0369557263080864,
  "all_intensity_relerr": 0.24932329388514232,
  "all_fwhm_relerr": 0.27560337247594047,
  "all_recall": 0.9845100864553314,
  "all_n": 5552,
  "narrow_pos_err": 1.1709932279909707,
  "narrow_intensity_relerr": 0.31451282629324073,
  "narrow_fwhm_relerr": 0.4259593679458239,
  "narrow_recall": 0.9784649364991718,
  "narrow_n": 1811,
  "wide_pos_err": 0.9726583649160802,
  "wide_intensity_relerr": 0.21805208342841517,
  "wide_fwhm_relerr": 0.20347808174160545,
  "wide_recall": 0.987436514300989,
  "wide_n": 3741,
  "object_recall": 0.997065536354744,
  "object_n": 3067,
  "glass_recall": 0.96875,
  "glass_n": 480,
  "ghost_n": 2005,
  "all_precision": 0.4941240282046646,
  "encoder": "random_projection"
}