{
  "feature_mode": "taw",
  "K": 4,
  "checkpoint": "downstream/outputs/eventnet_v4/taw_s42/best.pth",
  "frame_stride": 3,
  "n_frames": 485,
  "f1_mean": 0.5398300843494392,
  "object_f1": 0.7489195038032682,
  "glass_f1": 0.27738279562497425,
  "ghost_f1": 0.5931879536200753,
  "peak_per_class_f1": {
    "noise": 0.8000218622505223,
    "object": 0.7489195038032682,
    "glass": 0.27738279562497425,
    "ghost": 0.5931879536200753
  },
  "event_level_f1_mean": 0.5354064972418154,
  "event_per_class_f1": {
    "noise": 0.8386675771180678,
    "object": 0.7439832040256298,
    "glass": 0.277211394629344,
    "ghost": 0.5850248930704726
  },
  "peak_confusion_matrix": [
    [
      42360932,
      14217729,
      940954,
      4443561
    ],
    [
      911036,
      51493249,
      5401556,
      3860501
    ],
    [
      198026,
      5996913,
      2436085,
      44187
    ],
    [
      466266,
      4139208,
      110982,
      9525069
    ]
  ],
  "event_confusion_matrix": [
    [
      54611642,
      14077555,
      922827,
      4727699
    ],
    [
      699676,
      47898665,
      5072157,
      3629771
    ],
    [
      182227,
      5624518,
      2291293,
      41278
    ],
    [
      401031,
      3861752,
      105423,
      8999318
    ]
  ]
}