{
  "waveform_mse_mean": 0.0015319467056542635,
  "waveform_mse_std": 0.0009677601628936827,
  "energy_abs_mean": 3.505680799484253,
  "energy_rel_mean": 0.23261332511901855,
  "peak_loc_error_mean": 2.402307998408277,
  "peak_loc_error_median": 2.0,
  "peak_count_mae": 2.2525,
  "peak_count_acc": 0.106,
  "peak_recall": 0.6635859519408502,
  "peak_precision": 0.31001727115716754,
  "ghost_recall": 0.29770565193060994,
  "compression_ratio": 87.5,
  "T": 700,
  "K": 8,
  "ghost_proxy_precision": 0.3889776357827476,
  "ghost_proxy_recall": 0.4082145850796312,
  "ghost_proxy_f1": 0.39836400817995915,
  "ghost_proxy_f1_upperbound": 0.9447147279964617,
  "ghost_proxy_f1_retention": 0.42167650865865525,
  "width_threshold": 17.089962005615234,
  "all_pos_err": 2.6064549713690788,
  "all_intensity_relerr": 0.3738761205637732,
  "all_fwhm_relerr": 0.4063033033122905,
  "all_recall": 0.67903852951573,
  "all_n": 2829,
  "narrow_pos_err": 2.4761421319796955,
  "narrow_intensity_relerr": 0.4309633061037379,
  "narrow_fwhm_relerr": 0.5172623583308097,
  "narrow_recall": 0.697098372257608,
  "narrow_n": 1413,
  "wide_pos_err": 2.7435897435897436,
  "wide_intensity_relerr": 0.31380039646455815,
  "wide_fwhm_relerr": 0.2895354943451522,
  "wide_recall": 0.6610169491525424,
  "wide_n": 1416,
  "all_precision": 0.31767818753100713,
  "encoder": "random_projection"
}