{
  "waveform_mse_mean": 0.003549933433532715,
  "waveform_mse_std": 0.003455313155427575,
  "energy_abs_mean": 3.61568284034729,
  "energy_rel_mean": 0.24000950157642365,
  "peak_loc_error_mean": 1.53466796875,
  "peak_loc_error_median": 1.0,
  "peak_count_mae": 1.25575,
  "peak_count_acc": 0.25125,
  "peak_recall": 0.7466277798031352,
  "peak_precision": 0.4731977818853974,
  "ghost_recall": 0.3311036789297659,
  "compression_ratio": 21.875,
  "T": 700,
  "K": 32,
  "width_threshold": 9.0,
  "all_pos_err": 1.4478566858605246,
  "all_intensity_relerr": 0.3992519359449204,
  "all_fwhm_relerr": 0.3622213276614642,
  "all_recall": 0.7705834018077239,
  "all_n": 6085,
  "narrow_pos_err": 1.7810615199034983,
  "narrow_intensity_relerr": 0.3869156700704999,
  "narrow_fwhm_relerr": 0.3474201562410247,
  "narrow_recall": 0.6325829835940481,
  "narrow_n": 2621,
  "wide_pos_err": 1.2655889145496535,
  "wide_intensity_relerr": 0.4060000483895887,
  "wide_fwhm_relerr": 0.37031777840877156,
  "wide_recall": 0.875,
  "wide_n": 3464,
  "object_recall": 0.9533473906167633,
  "object_n": 3794,
  "glass_recall": 0.9617706237424547,
  "glass_n": 497,
  "ghost_n": 1794,
  "all_precision": 0.49269727855416623,
  "encoder": "random_projection"
}