{
  "waveform_mse_mean": 0.0,
  "waveform_mse_std": 0.0,
  "energy_abs_mean": 0.0,
  "energy_rel_mean": 0.0,
  "peak_loc_error_mean": 1.2809345255263918,
  "peak_loc_error_median": 1.0,
  "peak_count_mae": 0.16,
  "peak_count_acc": 0.8495,
  "peak_recall": 0.9155003960918933,
  "peak_precision": 1.0,
  "ghost_recall": 0.8209289311695579,
  "compression_ratio": 1.0,
  "T": 700,
  "K": 700,
  "ghost_proxy_precision": 1.0,
  "ghost_proxy_recall": 0.8952221290863369,
  "ghost_proxy_f1": 0.9447147279964617,
  "ghost_proxy_f1_upperbound": 0.9447147279964617,
  "ghost_proxy_f1_retention": 1.0,
  "width_threshold": 17.089962005615234,
  "all_pos_err": 0.4893784421715185,
  "all_intensity_relerr": 0.2026749587976295,
  "all_fwhm_relerr": 0.18158419011224963,
  "all_recall": 0.8985507246376812,
  "all_n": 2829,
  "narrow_pos_err": 0.4105594956658786,
  "narrow_intensity_relerr": 0.19644221328956932,
  "narrow_fwhm_relerr": 0.19721857154205993,
  "narrow_recall": 0.8980891719745223,
  "narrow_n": 1413,
  "wide_pos_err": 0.5679497250589159,
  "wide_intensity_relerr": 0.2088881198736141,
  "wide_fwhm_relerr": 0.1659989347827687,
  "wide_recall": 0.8990112994350282,
  "wide_n": 1416,
  "all_precision": 0.9818462726921592,
  "encoder": "full_waveform_upper_bound"
}