{
  "feature_mode": "taw",
  "K": 4,
  "checkpoint": "downstream/outputs/eventnet_loss/base_s43/best.pth",
  "frame_stride": 3,
  "n_frames": 485,
  "f1_mean": 0.5312842553273306,
  "object_f1": 0.7418468166543022,
  "glass_f1": 0.2688452153662044,
  "ghost_f1": 0.5831607339614853,
  "peak_per_class_f1": {
    "noise": 0.7895208747555715,
    "object": 0.7418468166543022,
    "glass": 0.2688452153662044,
    "ghost": 0.5831607339614853
  },
  "event_level_f1_mean": 0.5259433604914302,
  "event_per_class_f1": {
    "noise": 0.8285816561752343,
    "object": 0.7361372825999661,
    "glass": 0.26779145075960953,
    "ghost": 0.5739013481147149
  },
  "peak_confusion_matrix": [
    [
      41158763,
      14114934,
      990568,
      5698911
    ],
    [
      694735,
      50359625,
      5486277,
      5125705
    ],
    [
      102823,
      6131263,
      2361219,
      79906
    ],
    [
      343137,
      3496094,
      52364,
      10349930
    ]
  ],
  "event_confusion_matrix": [
    [
      53207845,
      14096196,
      1014001,
      6021681
    ],
    [
      502539,
      46833574,
      5145537,
      4818619
    ],
    [
      94027,
      5752451,
      2218215,
      74623
    ],
    [
      287010,
      3258923,
      49666,
      9771925
    ]
  ]
}