{
  "feature_mode": "tawT",
  "K": 4,
  "checkpoint": "downstream/outputs/eventnet_v4/tawT_s43/best.pth",
  "frame_stride": 3,
  "n_frames": 485,
  "f1_mean": 0.5357943978929685,
  "object_f1": 0.7564873762022705,
  "glass_f1": 0.26372769490148057,
  "ghost_f1": 0.5871681225751544,
  "peak_per_class_f1": {
    "noise": 0.7929616500232268,
    "object": 0.7564873762022705,
    "glass": 0.26372769490148057,
    "ghost": 0.5871681225751544
  },
  "event_level_f1_mean": 0.5280746683318297,
  "event_per_class_f1": {
    "noise": 0.8279476958329111,
    "object": 0.7520417102585929,
    "glass": 0.26435813323711477,
    "ghost": 0.5678241614997815
  },
  "peak_confusion_matrix": [
    [
      41672941,
      13509479,
      784365,
      5996391
    ],
    [
      923452,
      51598671,
      4124693,
      5019526
    ],
    [
      176642,
      6342710,
      2069198,
      86661
    ],
    [
      370867,
      3299274,
      38461,
      10532923
    ]
  ],
  "event_confusion_matrix": [
    [
      53361869,
      13302913,
      787692,
      6887249
    ],
    [
      720673,
      47981370,
      3870628,
      4727598
    ],
    [
      162951,
      5940480,
      1954737,
      81148
    ],
    [
      316330,
      3077917,
      36179,
      9937098
    ]
  ]
}