{
  "waveform_mse_mean": 0.0018762013642117381,
  "waveform_mse_std": 0.001795323216356337,
  "energy_abs_mean": 1.621861219406128,
  "energy_rel_mean": 0.13330821692943573,
  "peak_loc_error_mean": 1.1899009657298676,
  "peak_loc_error_median": 1.0,
  "peak_count_mae": 1.2730034429217578,
  "peak_count_acc": 0.2736560228628007,
  "peak_recall": 0.968940630099159,
  "peak_precision": 0.5743969224816584,
  "ghost_recall": 0.9159261790840738,
  "compression_ratio": 0.68359375,
  "T": 700,
  "K": 1024,
  "width_threshold": 7.0,
  "all_pos_err": 1.3895138609883488,
  "all_intensity_relerr": 0.2782719365161776,
  "all_fwhm_relerr": 0.31725655831244515,
  "all_recall": 0.9658517656189367,
  "all_n": 5154,
  "narrow_pos_err": 1.5726439790575917,
  "narrow_intensity_relerr": 0.4105308476386289,
  "narrow_fwhm_relerr": 0.5991164921465969,
  "narrow_recall": 0.9634300126103404,
  "narrow_n": 1586,
  "wide_pos_err": 1.3084057971014493,
  "wide_intensity_relerr": 0.2196946564596252,
  "wide_fwhm_relerr": 0.1924212021099571,
  "wide_recall": 0.9669282511210763,
  "wide_n": 3568,
  "object_recall": 0.9897927621404269,
  "object_n": 3233,
  "glass_recall": 0.9563318777292577,
  "glass_n": 458,
  "ghost_n": 1463,
  "all_precision": 0.5150010345541072,
  "encoder": "spatial_separable",
  "K_perpixel": 64
}