{
  "feature_mode": "taw",
  "K": 4,
  "checkpoint": "downstream/outputs/eventnet_v4/taw_s43/best.pth",
  "frame_stride": 3,
  "n_frames": 485,
  "f1_mean": 0.5357979399164704,
  "object_f1": 0.7399938894341631,
  "glass_f1": 0.27825630841601845,
  "ghost_f1": 0.5891436218992296,
  "peak_per_class_f1": {
    "noise": 0.7973449807931572,
    "object": 0.7399938894341631,
    "glass": 0.27825630841601845,
    "ghost": 0.5891436218992296
  },
  "event_level_f1_mean": 0.530715880070082,
  "event_per_class_f1": {
    "noise": 0.8345416255038463,
    "object": 0.734125036880105,
    "glass": 0.27851327114848845,
    "ghost": 0.5795093321816525
  },
  "peak_confusion_matrix": [
    [
      41953737,
      14147256,
      986076,
      4876107
    ],
    [
      745870,
      50162338,
      5735493,
      5022641
    ],
    [
      162425,
      5962209,
      2503888,
      46689
    ],
    [
      408381,
      3636861,
      96322,
      10099961
    ]
  ],
  "event_confusion_matrix": [
    [
      53980797,
      14136059,
      991959,
      5230908
    ],
    [
      547916,
      46632881,
      5382761,
      4736711
    ],
    [
      149211,
      5583620,
      2362819,
      43666
    ],
    [
      348691,
      3390600,
      90516,
      9537717
    ]
  ]
}