{
  "feature_mode": "taw",
  "K": 4,
  "checkpoint": "downstream/outputs/eventnet_v2sa2/base_s43/best.pth",
  "frame_stride": 3,
  "n_frames": 485,
  "f1_mean": 0.5429402273973224,
  "object_f1": 0.7546349114151513,
  "glass_f1": 0.2752386730444833,
  "ghost_f1": 0.5989470977323325,
  "peak_per_class_f1": {
    "noise": 0.8138054115186005,
    "object": 0.7546349114151513,
    "glass": 0.2752386730444833,
    "ghost": 0.5989470977323325
  },
  "event_level_f1_mean": 0.5389664787176542,
  "event_per_class_f1": {
    "noise": 0.849320381657798,
    "object": 0.7501674013331333,
    "glass": 0.27492507231866525,
    "ghost": 0.591806962501164
  },
  "peak_confusion_matrix": [
    [
      43613895,
      12916354,
      962707,
      4470220
    ],
    [
      881770,
      51039104,
      5137154,
      4608314
    ],
    [
      172239,
      6041966,
      2369733,
      91273
    ],
    [
      553990,
      3604569,
      74672,
      10008294
    ]
  ],
  "event_confusion_matrix": [
    [
      55845307,
      12794331,
      988210,
      4711875
    ],
    [
      674540,
      47486137,
      4819697,
      4319895
    ],
    [
      160084,
      5659241,
      2233950,
      86041
    ],
    [
      486214,
      3361463,
      70164,
      9449683
    ]
  ]
}