{
  "waveform_mse_mean": 0.005017953924834728,
  "waveform_mse_std": 0.0038766926154494286,
  "energy_abs_mean": 5.353934288024902,
  "energy_rel_mean": 0.36720967292785645,
  "peak_loc_error_mean": 1.5876442956003733,
  "peak_loc_error_median": 1.0,
  "peak_count_mae": 1.417840065225535,
  "peak_count_acc": 0.2160706022344153,
  "peak_recall": 0.8130922760872578,
  "peak_precision": 0.47271071572421763,
  "ghost_recall": 0.49740484429065746,
  "compression_ratio": 2.734375,
  "T": 700,
  "K": 256,
  "width_threshold": 9.0,
  "all_pos_err": 1.9416146567344474,
  "all_intensity_relerr": 0.5386206068548197,
  "all_fwhm_relerr": 0.441915038495178,
  "all_recall": 0.8635257301808067,
  "all_n": 5752,
  "narrow_pos_err": 2.0070600100857288,
  "narrow_intensity_relerr": 0.4721926970475771,
  "narrow_fwhm_relerr": 0.34101949907547485,
  "narrow_recall": 0.7922493008389933,
  "narrow_n": 2503,
  "wide_pos_err": 1.8981233243967828,
  "wide_intensity_relerr": 0.5827648914217642,
  "wide_fwhm_relerr": 0.5089645876470784,
  "wide_recall": 0.9184364419821484,
  "wide_n": 3249,
  "object_recall": 0.9533941236068896,
  "object_n": 3948,
  "glass_recall": 0.9691358024691358,
  "glass_n": 648,
  "ghost_n": 1156,
  "all_precision": 0.45191520334819396,
  "encoder": "spatial_separable",
  "K_perpixel": 16
}