{
  "waveform_mse_mean": 0.0037005406338721514,
  "waveform_mse_std": 0.002600171836093068,
  "energy_abs_mean": 4.46320915222168,
  "energy_rel_mean": 0.3071572780609131,
  "peak_loc_error_mean": 1.4049079754601228,
  "peak_loc_error_median": 1.0,
  "peak_count_mae": 0.9655,
  "peak_count_acc": 0.33375,
  "peak_recall": 0.8121278405638596,
  "peak_precision": 0.585868326466205,
  "ghost_recall": 0.44258639910813824,
  "compression_ratio": 5.46875,
  "T": 700,
  "K": 128,
  "width_threshold": 9.0,
  "all_pos_err": 1.1284440842787682,
  "all_intensity_relerr": 0.4456811229939411,
  "all_fwhm_relerr": 0.37685528908546534,
  "all_recall": 0.8111750205423172,
  "all_n": 6085,
  "narrow_pos_err": 1.2059145673603504,
  "narrow_intensity_relerr": 0.44200208161361054,
  "narrow_fwhm_relerr": 0.34286496635894226,
  "narrow_recall": 0.6966806562380771,
  "narrow_n": 2621,
  "wide_pos_err": 1.0829581993569133,
  "wide_intensity_relerr": 0.4478412289619422,
  "wide_fwhm_relerr": 0.39681230815254936,
  "wide_recall": 0.8978060046189377,
  "wide_n": 3464,
  "object_recall": 0.963363205060622,
  "object_n": 3794,
  "glass_recall": 0.9798792756539235,
  "glass_n": 497,
  "ghost_n": 1794,
  "all_precision": 0.6059415664129634,
  "encoder": "random_projection"
}