{
  "feature_mode": "taw",
  "K": 4,
  "checkpoint": "downstream/outputs/sparse_event_topm/taw_k4_h_dp_s42/best.pth",
  "frame_stride": 3,
  "n_frames": 485,
  "f1_mean": 0.5446029293488899,
  "object_f1": 0.7521533711595632,
  "glass_f1": 0.2666232338931708,
  "ghost_f1": 0.6150321829939356,
  "peak_per_class_f1": {
    "noise": 0.797794190049363,
    "object": 0.7521533711595632,
    "glass": 0.2666232338931708,
    "ghost": 0.6150321829939356
  },
  "event_level_f1_mean": 0.5417670301033027,
  "event_per_class_f1": {
    "noise": 0.8380652479390399,
    "object": 0.7482665456757595,
    "glass": 0.26680788747573264,
    "ghost": 0.6102266571584161
  },
  "peak_confusion_matrix": [
    [
      42576729,
      13110383,
      1263596,
      5012468
    ],
    [
      1314313,
      50670655,
      6127652,
      3553722
    ],
    [
      283013,
      5857123,
      2480467,
      54608
    ],
    [
      598891,
      3430398,
      59607,
      10152629
    ]
  ],
  "event_confusion_matrix": [
    [
      54889202,
      13038342,
      1281199,
      5130980
    ],
    [
      997743,
      47246173,
      5756125,
      3300228
    ],
    [
      252912,
      5490425,
      2344994,
      50985
    ],
    [
      510703,
      3206457,
      56512,
      9593852
    ]
  ]
}