{
  "feature_mode": "tdtaw",
  "K": 1,
  "checkpoint": "downstream/outputs/eventnet_sweep/tdtaw_K1/best.pth",
  "frame_stride": 3,
  "n_frames": 485,
  "f1_mean": 0.35650108921769247,
  "object_f1": 0.7170981477793362,
  "glass_f1": 0.29480757766692295,
  "ghost_f1": 0.057597542206818265,
  "peak_per_class_f1": {
    "noise": 0.759162920776469,
    "object": 0.7170981477793362,
    "glass": 0.29480757766692295,
    "ghost": 0.057597542206818265
  },
  "event_level_f1_mean": 0.4282175022983144,
  "event_per_class_f1": {
    "noise": 0.13360576465092286,
    "object": 0.7921224555922091,
    "glass": 0.328833978275822,
    "ghost": 0.16369607302691222
  },
  "peak_confusion_matrix": [
    [
      53113829,
      7514382,
      778786,
      556179
    ],
    [
      11667278,
      42350751,
      5523341,
      2124972
    ],
    [
      1815315,
      4228910,
      2591853,
      39133
    ],
    [
      11367755,
      2356643,
      14163,
      502964
    ]
  ],
  "event_confusion_matrix": [
    [
      671810,
      7102700,
      733965,
      542200
    ],
    [
      228535,
      39088064,
      5110323,
      1983628
    ],
    [
      53905,
      3915878,
      2416253,
      36679
    ],
    [
      51677,
      2174781,
      12628,
      469926
    ]
  ]
}