{
  "waveform_mse_mean": 0.0015811702469363809,
  "waveform_mse_std": 0.001342338160611689,
  "energy_abs_mean": 2.023529291152954,
  "energy_rel_mean": 0.1517103910446167,
  "peak_loc_error_mean": 1.0673283261802575,
  "peak_loc_error_median": 1.0,
  "peak_count_mae": 0.81775,
  "peak_count_acc": 0.42175,
  "peak_recall": 0.9835114101042078,
  "peak_precision": 0.6957820082120194,
  "ghost_recall": 0.972069825436409,
  "compression_ratio": 10.9375,
  "T": 700,
  "K": 64,
  "width_threshold": 7.0,
  "all_pos_err": 0.9238217025940811,
  "all_intensity_relerr": 0.24615117232662165,
  "all_fwhm_relerr": 0.25379722012471423,
  "all_recall": 0.9859510086455331,
  "all_n": 5552,
  "narrow_pos_err": 1.003370786516854,
  "narrow_intensity_relerr": 0.22118178741589395,
  "narrow_fwhm_relerr": 0.31127340823970034,
  "narrow_recall": 0.9828823854224186,
  "narrow_n": 1811,
  "wide_pos_err": 0.8854899837574445,
  "wide_intensity_relerr": 0.2581829820562088,
  "wide_fwhm_relerr": 0.22610160159610695,
  "wide_recall": 0.987436514300989,
  "wide_n": 3741,
  "object_recall": 0.9980436909031627,
  "object_n": 3067,
  "glass_recall": 0.9666666666666667,
  "glass_n": 480,
  "ghost_n": 2005,
  "all_precision": 0.6883802816901409,
  "encoder": "learnable_linear"
}