{
  "waveform_mse_mean": 0.012587014585733414,
  "waveform_mse_std": 0.004331720527261496,
  "energy_abs_mean": 6.760604381561279,
  "energy_rel_mean": 0.49278679490089417,
  "peak_loc_error_mean": 4.0981165133596145,
  "peak_loc_error_median": 4.0,
  "peak_count_mae": 2.2835,
  "peak_count_acc": 0.032,
  "peak_recall": 0.8323004010207802,
  "peak_precision": 0.39455037732588283,
  "ghost_recall": 0.7396878483835005,
  "compression_ratio": 43.75,
  "T": 700,
  "K": 16,
  "width_threshold": 9.0,
  "all_pos_err": 4.444192205826712,
  "all_intensity_relerr": 0.918169007065486,
  "all_fwhm_relerr": 0.47450314270357197,
  "all_recall": 0.8686935086277732,
  "all_n": 6085,
  "narrow_pos_err": 3.978250809810273,
  "narrow_intensity_relerr": 1.334666808965076,
  "narrow_fwhm_relerr": 0.4282243670258478,
  "narrow_recall": 0.8244944677603968,
  "narrow_n": 2621,
  "wide_pos_err": 4.7664,
  "wide_intensity_relerr": 0.6301524470958816,
  "wide_fwhm_relerr": 0.5065058416602317,
  "wide_recall": 0.9021362586605081,
  "wide_n": 3464,
  "object_recall": 0.926462836056932,
  "object_n": 3794,
  "glass_recall": 0.8933601609657947,
  "glass_n": 497,
  "ghost_n": 1794,
  "all_precision": 0.415762151958471,
  "encoder": "coarse_binning"
}