{
  "waveform_mse_mean": 0.0006851458456367254,
  "waveform_mse_std": 0.00038878401392139494,
  "energy_abs_mean": 4.826350688934326,
  "energy_rel_mean": 0.3234342038631439,
  "peak_loc_error_mean": 2.349705304518664,
  "peak_loc_error_median": 2.0,
  "peak_count_mae": 0.3225,
  "peak_count_acc": 0.71,
  "peak_recall": 0.8064430947979931,
  "peak_precision": 0.8294405214557306,
  "ghost_recall": 0.5903749300503638,
  "compression_ratio": 43.75,
  "T": 700,
  "K": 16,
  "ghost_proxy_precision": 0.9532608695652174,
  "ghost_proxy_recall": 0.7351215423302598,
  "ghost_proxy_f1": 0.8300993847610033,
  "ghost_proxy_f1_upperbound": 0.9447147279964617,
  "ghost_proxy_f1_retention": 0.8786772981950508,
  "width_threshold": 17.089962005615234,
  "all_pos_err": 1.9190215099114298,
  "all_intensity_relerr": 0.31594872440380173,
  "all_fwhm_relerr": 0.46591742072663944,
  "all_recall": 0.8381053375751149,
  "all_n": 2829,
  "narrow_pos_err": 1.7628596338273759,
  "narrow_intensity_relerr": 0.28539985813319874,
  "narrow_fwhm_relerr": 0.5728723425623575,
  "narrow_recall": 0.8117480537862704,
  "narrow_n": 1413,
  "wide_pos_err": 2.065359477124183,
  "wide_intensity_relerr": 0.3445758074204534,
  "wide_fwhm_relerr": 0.3656908722416977,
  "wide_recall": 0.864406779661017,
  "wide_n": 1416,
  "all_precision": 0.8565751445086706,
  "encoder": "dct_lowfreq"
}