{
  "waveform_mse_mean": 0.0,
  "waveform_mse_std": 0.0,
  "energy_abs_mean": 0.0,
  "energy_rel_mean": 0.0,
  "peak_loc_error_mean": 0.8978305798222369,
  "peak_loc_error_median": 1.0,
  "peak_count_mae": 0.9922590517338374,
  "peak_count_acc": 0.3502104007740948,
  "peak_recall": 0.9899460273628718,
  "peak_precision": 0.6409039566386855,
  "ghost_recall": 0.9767600820232399,
  "compression_ratio": 1.0,
  "T": 700,
  "K": 700,
  "width_threshold": 7.0,
  "all_pos_err": 0.12681301450411603,
  "all_intensity_relerr": 0.009324678224028275,
  "all_fwhm_relerr": 0.004902516955951827,
  "all_recall": 0.9899107489328677,
  "all_n": 5154,
  "narrow_pos_err": 0.18869123252858958,
  "narrow_intensity_relerr": 0.02529444802490338,
  "narrow_fwhm_relerr": 0.010175772977551885,
  "narrow_recall": 0.9924337957124842,
  "narrow_n": 1586,
  "wide_pos_err": 0.0992063492063492,
  "wide_intensity_relerr": 0.002199843284522206,
  "wide_fwhm_relerr": 0.0025498794905327543,
  "wide_recall": 0.9887892376681614,
  "wide_n": 3568,
  "object_recall": 0.9984534488091555,
  "object_n": 3233,
  "glass_recall": 0.9716157205240175,
  "glass_n": 458,
  "ghost_n": 1463,
  "all_precision": 0.5540232381366055,
  "encoder": "full_waveform_upper_bound"
}