{
  "waveform_mse_mean": 0.004142442252486944,
  "waveform_mse_std": 0.003104924224317074,
  "energy_abs_mean": 4.994076251983643,
  "energy_rel_mean": 0.33701860904693604,
  "peak_loc_error_mean": 1.2390587529976018,
  "peak_loc_error_median": 1.0,
  "peak_count_mae": 0.86975,
  "peak_count_acc": 0.34875,
  "peak_recall": 0.8107911046299672,
  "peak_precision": 0.6145910095799558,
  "ghost_recall": 0.44816053511705684,
  "compression_ratio": 21.875,
  "T": 700,
  "K": 32,
  "width_threshold": 9.0,
  "all_pos_err": 1.1972580315121752,
  "all_intensity_relerr": 0.4613020725322019,
  "all_fwhm_relerr": 0.4420911662476603,
  "all_recall": 0.8031224322103533,
  "all_n": 6085,
  "narrow_pos_err": 1.0883824346859365,
  "narrow_intensity_relerr": 0.3599282717618799,
  "narrow_fwhm_relerr": 0.36277693956960216,
  "narrow_recall": 0.6863792445631438,
  "narrow_n": 2621,
  "wide_pos_err": 1.2606865284974094,
  "wide_intensity_relerr": 0.5203601902737204,
  "wide_fwhm_relerr": 0.4882978676057647,
  "wide_recall": 0.8914549653579676,
  "wide_n": 3464,
  "object_recall": 0.9488666315234581,
  "object_n": 3794,
  "glass_recall": 0.971830985915493,
  "glass_n": 497,
  "ghost_n": 1794,
  "all_precision": 0.6162673392181589,
  "encoder": "learnable_linear"
}