{
  "waveform_mse_mean": 0.005256458185613155,
  "waveform_mse_std": 0.004766721278429031,
  "energy_abs_mean": 1.74721360206604,
  "energy_rel_mean": 0.13057345151901245,
  "peak_loc_error_mean": 2.441349427421851,
  "peak_loc_error_median": 2.0,
  "peak_count_mae": 1.5175,
  "peak_count_acc": 0.2285,
  "peak_recall": 0.852394143252869,
  "peak_precision": 0.48091091761553917,
  "ghost_recall": 0.8064837905236908,
  "compression_ratio": 43.75,
  "T": 700,
  "K": 16,
  "width_threshold": 7.0,
  "all_pos_err": 2.720016457519029,
  "all_intensity_relerr": 0.31823519837430303,
  "all_fwhm_relerr": 0.4464077154314435,
  "all_recall": 0.8755403458213257,
  "all_n": 5552,
  "narrow_pos_err": 2.7750497677504975,
  "narrow_intensity_relerr": 0.43803636242220273,
  "narrow_fwhm_relerr": 0.7340632603406326,
  "narrow_recall": 0.8321369409166206,
  "narrow_n": 1811,
  "wide_pos_err": 2.695289206917114,
  "wide_intensity_relerr": 0.26440682800454013,
  "wide_fwhm_relerr": 0.3171599795405228,
  "wide_recall": 0.896551724137931,
  "wide_n": 3741,
  "object_recall": 0.9422888816432996,
  "object_n": 3067,
  "glass_recall": 0.7375,
  "glass_n": 480,
  "ghost_n": 2005,
  "all_precision": 0.4896253021756648,
  "encoder": "dct_lowfreq"
}