{
  "waveform_mse_mean": 0.005260578356683254,
  "waveform_mse_std": 0.0036380605306476355,
  "energy_abs_mean": 1.2529046535491943,
  "energy_rel_mean": 0.1027727723121643,
  "peak_loc_error_mean": 2.7792132384961534,
  "peak_loc_error_median": 2.0,
  "peak_count_mae": 1.332,
  "peak_count_acc": 0.24375,
  "peak_recall": 0.9087191663368949,
  "peak_precision": 0.5436824244337464,
  "ghost_recall": 0.8713216957605985,
  "compression_ratio": 21.875,
  "T": 700,
  "K": 32,
  "width_threshold": 7.0,
  "all_pos_err": 3.010991129965291,
  "all_intensity_relerr": 0.30908832144492415,
  "all_fwhm_relerr": 0.41137859678959704,
  "all_recall": 0.9340778097982709,
  "all_n": 5552,
  "narrow_pos_err": 3.0221556886227545,
  "narrow_intensity_relerr": 0.4077988448144521,
  "narrow_fwhm_relerr": 0.7069461077844311,
  "narrow_recall": 0.9221424627277747,
  "narrow_n": 1811,
  "wide_pos_err": 3.0056882821387942,
  "wide_intensity_relerr": 0.26220363031093336,
  "wide_fwhm_relerr": 0.27099243542401885,
  "wide_recall": 0.9398556535685646,
  "wide_n": 3741,
  "object_recall": 0.9801108575154874,
  "object_n": 3067,
  "glass_recall": 0.9020833333333333,
  "glass_n": 480,
  "ghost_n": 2005,
  "all_precision": 0.5553651745555793,
  "encoder": "coarse_binning"
}