{
  "feature_mode": "tdtaw",
  "K": 4,
  "checkpoint": "downstream/outputs/eventnet_sweep/tdtaw_K4/best.pth",
  "frame_stride": 3,
  "n_frames": 485,
  "f1_mean": 0.5340436564009707,
  "object_f1": 0.7535531866697984,
  "glass_f1": 0.2730132799463036,
  "ghost_f1": 0.5755645025868101,
  "peak_per_class_f1": {
    "noise": 0.8076114252279589,
    "object": 0.7535531866697984,
    "glass": 0.2730132799463036,
    "ghost": 0.5755645025868101
  },
  "event_level_f1_mean": 0.5295890768893519,
  "event_per_class_f1": {
    "noise": 0.84487470218494,
    "object": 0.7490016921459959,
    "glass": 0.2730075166404196,
    "ghost": 0.5667580218816402
  },
  "peak_confusion_matrix": [
    [
      43175141,
      13619787,
      855058,
      4313190
    ],
    [
      975347,
      51974067,
      5316237,
      3400691
    ],
    [
      255669,
      5950059,
      2353053,
      116430
    ],
    [
      551247,
      4733736,
      38086,
      8918456
    ]
  ],
  "event_confusion_matrix": [
    [
      55468340,
      13401584,
      860461,
      4609338
    ],
    [
      777914,
      48319720,
      4993428,
      3209207
    ],
    [
      238656,
      5573165,
      2217761,
      109734
    ],
    [
      480849,
      4429590,
      35920,
      8421165
    ]
  ]
}