{
  "feature_mode": "taw",
  "K": 4,
  "checkpoint": "downstream/outputs/sparse_event_topm/taw_k4_focaldice_dp_s42/best.pth",
  "frame_stride": 3,
  "n_frames": 485,
  "f1_mean": 0.54562456264853,
  "object_f1": 0.7692231924583754,
  "glass_f1": 0.27109871984625966,
  "ghost_f1": 0.5965517756409549,
  "peak_per_class_f1": {
    "noise": 0.8367347697014514,
    "object": 0.7692231924583754,
    "glass": 0.27109871984625966,
    "ghost": 0.5965517756409549
  },
  "event_level_f1_mean": 0.5464399609165504,
  "event_per_class_f1": {
    "noise": 0.8729191409266932,
    "object": 0.7680335480794694,
    "glass": 0.27200618186321673,
    "ghost": 0.5992801528069651
  },
  "peak_confusion_matrix": [
    [
      49433361,
      9195600,
      799001,
      2535214
    ],
    [
      3698519,
      49965359,
      4945197,
      3057267
    ],
    [
      797250,
      5574384,
      2264006,
      39571
    ],
    [
      2265473,
      3509528,
      19032,
      8447492
    ]
  ],
  "event_confusion_matrix": [
    [
      62174767,
      8908055,
      772238,
      2484663
    ],
    [
      3197014,
      46611385,
      4646305,
      2845565
    ],
    [
      728284,
      5237435,
      2137025,
      36572
    ],
    [
      2012735,
      3321369,
      18178,
      8015242
    ]
  ]
}