{
  "feature_mode": "taw",
  "K": 4,
  "checkpoint": "downstream/outputs/sparse_event_topm/taw_k4_focal_dp_s42/best.pth",
  "frame_stride": 3,
  "n_frames": 485,
  "f1_mean": 0.5536579091846109,
  "object_f1": 0.7740150386318567,
  "glass_f1": 0.2643259613304628,
  "ghost_f1": 0.622632727591513,
  "peak_per_class_f1": {
    "noise": 0.8418708966144618,
    "object": 0.7740150386318567,
    "glass": 0.2643259613304628,
    "ghost": 0.622632727591513
  },
  "event_level_f1_mean": 0.5554962575354886,
  "event_per_class_f1": {
    "noise": 0.8769681128898573,
    "object": 0.7730879542334663,
    "glass": 0.26626737946643536,
    "ghost": 0.6271334389065639
  },
  "peak_confusion_matrix": [
    [
      50362546,
      8664288,
      769794,
      2166548
    ],
    [
      4057159,
      49927431,
      5022254,
      2659498
    ],
    [
      697802,
      5732969,
      2206803,
      37637
    ],
    [
      2563662,
      3017913,
      23526,
      8636424
    ]
  ],
  "event_confusion_matrix": [
    [
      63086784,
      8406133,
      736352,
      2110454
    ],
    [
      3530181,
      46582170,
      4701520,
      2486398
    ],
    [
      639558,
      5375981,
      2088551,
      35226
    ],
    [
      2278504,
      2844814,
      21883,
      8222323
    ]
  ]
}