{
  "feature_mode": "taw",
  "K": 4,
  "checkpoint": "downstream/outputs/eventnet_sweep/taw_K4/best.pth",
  "frame_stride": 3,
  "n_frames": 485,
  "f1_mean": 0.5253653826377268,
  "object_f1": 0.7414606889388422,
  "glass_f1": 0.2737955201397624,
  "ghost_f1": 0.5608399388345757,
  "peak_per_class_f1": {
    "noise": 0.802755688425487,
    "object": 0.7414606889388422,
    "glass": 0.2737955201397624,
    "ghost": 0.5608399388345757
  },
  "event_level_f1_mean": 0.5203313643065025,
  "event_per_class_f1": {
    "noise": 0.8406996344017619,
    "object": 0.7365208835334272,
    "glass": 0.27247175511327,
    "ghost": 0.5520014542728102
  },
  "peak_confusion_matrix": [
    [
      42350733,
      13828780,
      1078301,
      4705362
    ],
    [
      719698,
      50896776,
      6515144,
      3534724
    ],
    [
      96475,
      5902171,
      2591531,
      85034
    ],
    [
      383298,
      4993792,
      70225,
      8794210
    ]
  ],
  "event_confusion_matrix": [
    [
      54596070,
      13660460,
      1099112,
      4984081
    ],
    [
      529922,
      47321898,
      6130206,
      3318243
    ],
    [
      89837,
      5535185,
      2434385,
      79909
    ],
    [
      326912,
      4683359,
      65879,
      8291374
    ]
  ]
}