{
  "waveform_mse_mean": 0.001293380744755268,
  "waveform_mse_std": 0.0015239922795444727,
  "energy_abs_mean": 1.4166224002838135,
  "energy_rel_mean": 0.1047087013721466,
  "peak_loc_error_mean": 1.1610295108475948,
  "peak_loc_error_median": 1.0,
  "peak_count_mae": 0.83075,
  "peak_count_acc": 0.3935,
  "peak_recall": 0.9788946049333861,
  "peak_precision": 0.6919992540096979,
  "ghost_recall": 0.9620947630922694,
  "compression_ratio": 10.9375,
  "T": 700,
  "K": 64,
  "width_threshold": 7.0,
  "all_pos_err": 1.1806013934726807,
  "all_intensity_relerr": 0.18894435332503687,
  "all_fwhm_relerr": 0.2725107527443856,
  "all_recall": 0.9823487031700289,
  "all_n": 5552,
  "narrow_pos_err": 1.2726757369614512,
  "narrow_intensity_relerr": 0.2774290197735801,
  "narrow_fwhm_relerr": 0.4820294784580499,
  "narrow_recall": 0.9740474875759249,
  "narrow_n": 1811,
  "wide_pos_err": 1.1365853658536584,
  "wide_intensity_relerr": 0.14664436643744058,
  "wide_fwhm_relerr": 0.1723505814276095,
  "wide_recall": 0.9863672814755413,
  "wide_n": 3741,
  "object_recall": 0.9983697424193022,
  "object_n": 3067,
  "glass_recall": 0.9645833333333333,
  "glass_n": 480,
  "ghost_n": 2005,
  "all_precision": 0.6845738672022091,
  "encoder": "dct_lowfreq"
}