{
  "feature_mode": "taw",
  "K": 4,
  "checkpoint": "downstream/outputs/sparse_event_topm/taw_k4_rope_dp_s42/best.pth",
  "frame_stride": 3,
  "n_frames": 485,
  "f1_mean": 0.5630862775014166,
  "object_f1": 0.7747433955451875,
  "glass_f1": 0.27664097039001506,
  "ghost_f1": 0.6378744665690472,
  "peak_per_class_f1": {
    "noise": 0.8636097966591076,
    "object": 0.7747433955451875,
    "glass": 0.27664097039001506,
    "ghost": 0.6378744665690472
  },
  "event_level_f1_mean": 0.5641836323109803,
  "event_per_class_f1": {
    "noise": 0.8949955180247232,
    "object": 0.7741455535195445,
    "glass": 0.27698828804561076,
    "ghost": 0.6414170553677857
  },
  "peak_confusion_matrix": [
    [
      51273708,
      7874581,
      709983,
      2104904
    ],
    [
      3362744,
      49733262,
      5329053,
      3241283
    ],
    [
      440351,
      5818216,
      2370037,
      46607
    ],
    [
      1702787,
      3294010,
      50105,
      9194623
    ]
  ],
  "event_confusion_matrix": [
    [
      64072807,
      7535122,
      683564,
      2048230
    ],
    [
      2878275,
      46350678,
      5039262,
      3032054
    ],
    [
      394077,
      5465489,
      2235982,
      43768
    ],
    [
      1495292,
      3095117,
      46833,
      8730282
    ]
  ]
}