{
  "waveform_mse_mean": 0.00038730978849343956,
  "waveform_mse_std": 0.00018476783588994294,
  "energy_abs_mean": 2.4954476356506348,
  "energy_rel_mean": 0.1683306097984314,
  "peak_loc_error_mean": 1.4919754887656842,
  "peak_loc_error_median": 1.0,
  "peak_count_mae": 0.1925,
  "peak_count_acc": 0.8195,
  "peak_recall": 0.90493794560338,
  "peak_precision": 0.9898902368573079,
  "ghost_recall": 0.7985450475657526,
  "compression_ratio": 5.46875,
  "T": 700,
  "K": 128,
  "ghost_proxy_precision": 0.9933774834437086,
  "ghost_proxy_recall": 0.8801341156747695,
  "ghost_proxy_f1": 0.9333333333333333,
  "ghost_proxy_f1_upperbound": 0.9447147279964617,
  "ghost_proxy_f1_retention": 0.9879525593008739,
  "width_threshold": 17.089962005615234,
  "all_pos_err": 0.7675059008654602,
  "all_intensity_relerr": 0.14393157606126122,
  "all_fwhm_relerr": 0.15755071816134686,
  "all_recall": 0.8985507246376812,
  "all_n": 2829,
  "narrow_pos_err": 0.6251980982567353,
  "narrow_intensity_relerr": 0.14911283474610054,
  "narrow_fwhm_relerr": 0.18630788340970347,
  "narrow_recall": 0.8931351733899504,
  "narrow_n": 1413,
  "wide_pos_err": 0.9078125,
  "wide_intensity_relerr": 0.13882317882667747,
  "wide_fwhm_relerr": 0.1291979505492953,
  "wide_recall": 0.903954802259887,
  "wide_n": 1416,
  "all_precision": 0.9788217173661917,
  "encoder": "coarse_binning"
}