{
  "waveform_mse_mean": 0.001564985141158104,
  "waveform_mse_std": 0.0017489875899627805,
  "energy_abs_mean": 1.6438921689987183,
  "energy_rel_mean": 0.12224043160676956,
  "peak_loc_error_mean": 0.9703116603976357,
  "peak_loc_error_median": 1.0,
  "peak_count_mae": 1.29125,
  "peak_count_acc": 0.3315,
  "peak_recall": 0.9819285054742118,
  "peak_precision": 0.5890172495648046,
  "ghost_recall": 0.9635910224438903,
  "compression_ratio": 10.9375,
  "T": 700,
  "K": 64,
  "width_threshold": 7.0,
  "all_pos_err": 0.9201465201465201,
  "all_intensity_relerr": 0.22393064278045854,
  "all_fwhm_relerr": 0.24384972025923954,
  "all_recall": 0.9834293948126801,
  "all_n": 5552,
  "narrow_pos_err": 1.007905138339921,
  "narrow_intensity_relerr": 0.233654162639619,
  "narrow_fwhm_relerr": 0.341304347826087,
  "narrow_recall": 0.9779127553837659,
  "narrow_n": 1811,
  "wide_pos_err": 0.8780157224179994,
  "wide_intensity_relerr": 0.21926261521998866,
  "wide_fwhm_relerr": 0.19706410209147404,
  "wide_recall": 0.9860999732691793,
  "wide_n": 3741,
  "object_recall": 0.9980436909031627,
  "object_n": 3067,
  "glass_recall": 0.9729166666666667,
  "glass_n": 480,
  "ghost_n": 2005,
  "all_precision": 0.5838323353293413,
  "encoder": "random_projection"
}