{
  "feature_mode": "tdtaEw",
  "K": 4,
  "checkpoint": "downstream/outputs/eventnet_sweep_E/tdtaEw_K4/best.pth",
  "frame_stride": 3,
  "n_frames": 485,
  "f1_mean": 0.5022692303711599,
  "object_f1": 0.7318598594179285,
  "glass_f1": 0.2389682408916716,
  "ghost_f1": 0.5359795908038797,
  "peak_per_class_f1": {
    "noise": 0.7977074796217614,
    "object": 0.7318598594179285,
    "glass": 0.2389682408916716,
    "ghost": 0.5359795908038797
  },
  "event_level_f1_mean": 0.4972654710986067,
  "event_per_class_f1": {
    "noise": 0.8354544294643154,
    "object": 0.7266055506620966,
    "glass": 0.23847888422506258,
    "ghost": 0.5267119784086608
  },
  "peak_confusion_matrix": [
    [
      42057409,
      13559427,
      1106827,
      5239513
    ],
    [
      804899,
      49684785,
      6625196,
      4551462
    ],
    [
      162059,
      6063560,
      2240804,
      208788
    ],
    [
      458150,
      4802659,
      105952,
      8874764
    ]
  ],
  "event_confusion_matrix": [
    [
      54158508,
      13453964,
      1116433,
      5610818
    ],
    [
      608749,
      46181742,
      6241049,
      4268729
    ],
    [
      149965,
      5685868,
      2111511,
      191972
    ],
    [
      393473,
      4494560,
      99850,
      8379641
    ]
  ]
}