{
  "feature_mode": "tawD",
  "K": 4,
  "checkpoint": "downstream/outputs/eventnet_sweep_v3/tawD_K4/best.pth",
  "frame_stride": 3,
  "n_frames": 485,
  "f1_mean": 0.4998042458303848,
  "object_f1": 0.7463112832685255,
  "glass_f1": 0.22839356369507602,
  "ghost_f1": 0.5247078905275527,
  "peak_per_class_f1": {
    "noise": 0.7283909662928334,
    "object": 0.7463112832685255,
    "glass": 0.22839356369507602,
    "ghost": 0.5247078905275527
  },
  "event_level_f1_mean": 0.49561350922097075,
  "event_per_class_f1": {
    "noise": 0.7846802915619534,
    "object": 0.7413070171456254,
    "glass": 0.22829148928461823,
    "ghost": 0.5172420212326685
  },
  "peak_confusion_matrix": [
    [
      36202140,
      16095398,
      722382,
      8943256
    ],
    [
      644685,
      52569341,
      3839771,
      4612545
    ],
    [
      143571,
      6734089,
      1714730,
      82821
    ],
    [
      449473,
      3812617,
      63478,
      9915957
    ]
  ],
  "event_confusion_matrix": [
    [
      48633812,
      15872292,
      736818,
      9096801
    ],
    [
      461625,
      48904806,
      3632695,
      4301143
    ],
    [
      133304,
      6309755,
      1619427,
      76830
    ],
    [
      389822,
      3554988,
      59106,
      9363608
    ]
  ]
}