{
  "waveform_mse_mean": 0.009454024955630302,
  "waveform_mse_std": 0.005761824082583189,
  "energy_abs_mean": 4.797338008880615,
  "energy_rel_mean": 0.3493884205818176,
  "peak_loc_error_mean": 3.0513482964637495,
  "peak_loc_error_median": 2.0,
  "peak_count_mae": 2.203,
  "peak_count_acc": 0.16025,
  "peak_recall": 0.8169106977971244,
  "peak_precision": 0.3838239851255036,
  "ghost_recall": 0.7221945137157108,
  "compression_ratio": 87.5,
  "T": 700,
  "K": 8,
  "width_threshold": 7.0,
  "all_pos_err": 3.387729285262492,
  "all_intensity_relerr": 0.49503561485365205,
  "all_fwhm_relerr": 0.3418218264556505,
  "all_recall": 0.8542867435158501,
  "all_n": 5552,
  "narrow_pos_err": 3.076341127922971,
  "narrow_intensity_relerr": 0.6260173039568001,
  "narrow_fwhm_relerr": 0.5712287941311326,
  "narrow_recall": 0.8028713418001104,
  "narrow_n": 1811,
  "wide_pos_err": 3.5253876558224384,
  "wide_intensity_relerr": 0.4371312743380006,
  "wide_fwhm_relerr": 0.24040567230540705,
  "wide_recall": 0.8791766907244052,
  "wide_n": 3741,
  "object_recall": 0.9540267362243234,
  "object_n": 3067,
  "glass_recall": 0.76875,
  "glass_n": 480,
  "ghost_n": 2005,
  "all_precision": 0.40096373319807255,
  "encoder": "dct_lowfreq"
}