{
  "compress": "ae",
  "ae_ckpt": "runs/real_split2_1d/coarse_binning_K32/checkpoint.pt",
  "ae_meta": {
    "T": 700,
    "K": 32,
    "encoder_name": "coarse_binning"
  },
  "macro_f1": 0.2931113633833271,
  "macro_f1_4class": 0.4637311188564099,
  "ignore_visualize_labels": [],
  "per_class_f1": {
    "object": 0.5187019543416145,
    "glass": 0.14070857253283298,
    "ghost": 0.2199235632755338
  },
  "per_class_precision": {
    "object": 0.4482940126494102,
    "glass": 0.11733728252750276,
    "ghost": 0.18668940041491197
  },
  "per_class_recall": {
    "object": 0.6153467892899042,
    "glass": 0.17570571103615804,
    "ghost": 0.2675529282634936
  },
  "confusion_matrix": [
    [
      4431034246,
      102419249,
      12777268,
      36140105
    ],
    [
      46563662,
      95240375,
      12332500,
      638586
    ],
    [
      7148259,
      8683669,
      3384361,
      45242
    ],
    [
      16683529,
      6107403,
      348886,
      8452660
    ]
  ],
  "checkpoint": "/data3/user/yoshida/fwl_mae/neurips2026/checkpoints/paper/pruning0.7merging0.9-vit3d-neurips-refactered/vit3d_lr0.0001_timm-cosine_epoch50_div3_aug-only-cutmix0.2_0.8/0512/vit3d_ordered_pruning_light_finetune_epoch_50_20260512_150711_0.02485.pth"
}