{
  "compress": "ae",
  "ae_ckpt": "runs/real_split2_1d/coarse_binning_K8/checkpoint.pt",
  "ae_meta": {
    "T": 700,
    "K": 8,
    "encoder_name": "coarse_binning"
  },
  "macro_f1": 0.10057165111820854,
  "macro_f1_4class": 0.31111325340159807,
  "ignore_visualize_labels": [],
  "per_class_f1": {
    "object": 0.23577881238753462,
    "glass": 0.0059175666572423525,
    "ghost": 0.060018574309848666
  },
  "per_class_precision": {
    "object": 0.17108174020792477,
    "glass": 0.016931180350328014,
    "ghost": 0.03843300178403838
  },
  "per_class_recall": {
    "object": 0.37916600460398275,
    "glass": 0.0035853328585354924,
    "ghost": 0.13691667364617616
  },
  "confusion_matrix": [
    [
      4200236837,
      274707281,
      3481192,
      103945558
    ],
    [
      91373824,
      58685465,
      523740,
      4192094
    ],
    [
      10754216,
      8353978,
      69059,
      84278
    ],
    [
      25982967,
      1279159,
      4815,
      4325537
    ]
  ],
  "checkpoint": "/data3/user/yoshida/fwl_mae/neurips2026/checkpoints/paper/pruning0.7merging0.9-vit3d-neurips-refactered/vit3d_lr0.0001_timm-cosine_epoch50_div3_aug-only-cutmix0.2_0.8/0512/vit3d_ordered_pruning_light_finetune_epoch_50_20260512_150711_0.02485.pth"
}