{
  "compress": "ae",
  "ae_ckpt": "runs/real_split2_1d/coarse_binning_K8/checkpoint.pt",
  "ae_meta": {
    "T": 700,
    "K": 8,
    "encoder_name": "coarse_binning"
  },
  "macro_f1": 0.10057162894549565,
  "macro_f1_4class": 0.31111324844373733,
  "ignore_visualize_labels": [],
  "per_class_f1": {
    "object": 0.23577816281440758,
    "glass": 0.005917652345808032,
    "ghost": 0.0600190716762713
  },
  "per_class_precision": {
    "object": 0.17108147449629968,
    "glass": 0.016931425520115447,
    "ghost": 0.0384332824762049
  },
  "per_class_recall": {
    "object": 0.3791639500102352,
    "glass": 0.003585384775488511,
    "ghost": 0.13691828795449348
  },
  "confusion_matrix": [
    [
      4200237432,
      274706257,
      3481191,
      103945988
    ],
    [
      91374118,
      58685147,
      523740,
      4192118
    ],
    [
      10754198,
      8353995,
      69060,
      84278
    ],
    [
      25982917,
      1279158,
      4815,
      4325588
    ]
  ],
  "checkpoint": "/data3/user/yoshida/fwl_mae/neurips2026/checkpoints/paper/pruning0.7merging0.9-vit3d-neurips-refactered/vit3d_lr0.0001_timm-cosine_epoch50_div3_aug-only-cutmix0.2_0.8/0512/vit3d_ordered_pruning_light_finetune_epoch_50_20260512_150711_0.02485.pth"
}