{
  "compress": "ae",
  "ae_ckpt": "runs/real_split2_1d/coarse_binning_K128/checkpoint.pt",
  "ae_meta": {
    "T": 700,
    "K": 128,
    "encoder_name": "coarse_binning"
  },
  "macro_f1": 0.3905416976497746,
  "macro_f1_4class": 0.5388727457091563,
  "ignore_visualize_labels": [],
  "per_class_f1": {
    "object": 0.6174013365636372,
    "glass": 0.20377169519392987,
    "ghost": 0.3504520611917567
  },
  "per_class_precision": {
    "object": 0.669488732455956,
    "glass": 0.1537071725817066,
    "ghost": 0.24592736364852102
  },
  "per_class_recall": {
    "object": 0.5728338590950434,
    "glass": 0.3022034956618973,
    "ghost": 0.6095058450305797
  },
  "confusion_matrix": [
    [
      4487300167,
      33157490,
      13606699,
      48306512
    ],
    [
      37974692,
      88660431,
      17644861,
      10495139
    ],
    [
      5926399,
      7272952,
      5820902,
      241278
    ],
    [
      8199882,
      3339184,
      797612,
      19255800
    ]
  ],
  "checkpoint": "/data3/user/yoshida/fwl_mae/neurips2026/checkpoints/paper/pruning0.7merging0.9-vit3d-neurips-refactered/vit3d_lr0.0001_timm-cosine_epoch50_div3_aug-only-cutmix0.2_0.8/0512/vit3d_ordered_pruning_light_finetune_epoch_50_20260512_150711_0.02485.pth"
}