{
  "compress": "ae",
  "ae_ckpt": "runs/real_split2_1d/coarse_binning_K32/checkpoint.pt",
  "ae_meta": {
    "T": 700,
    "K": 32,
    "encoder_name": "coarse_binning"
  },
  "macro_f1": 0.2931107775949991,
  "macro_f1_4class": 0.4637306803822637,
  "ignore_visualize_labels": [],
  "per_class_f1": {
    "object": 0.5187019815053704,
    "glass": 0.1407082818841254,
    "ghost": 0.21992206939550143
  },
  "per_class_precision": {
    "object": 0.4482939160638068,
    "glass": 0.11733648470032405,
    "ghost": 0.18668841867900168
  },
  "per_class_recall": {
    "object": 0.6153470477293693,
    "glass": 0.17570659362435936,
    "ghost": 0.2675505226275698
  },
  "confusion_matrix": [
    [
      4431034112,
      102419335,
      12777408,
      36140013
    ],
    [
      46563441,
      95240415,
      12332682,
      638585
    ],
    [
      7148280,
      8683631,
      3384378,
      45242
    ],
    [
      16683556,
      6107450,
      348888,
      8452584
    ]
  ],
  "checkpoint": "/data3/user/yoshida/fwl_mae/neurips2026/checkpoints/paper/pruning0.7merging0.9-vit3d-neurips-refactered/vit3d_lr0.0001_timm-cosine_epoch50_div3_aug-only-cutmix0.2_0.8/0512/vit3d_ordered_pruning_light_finetune_epoch_50_20260512_150711_0.02485.pth"
}