{
  "compress": "ae",
  "ae_ckpt": "runs/real_split2_1d/coarse_binning_K128/checkpoint.pt",
  "ae_meta": {
    "T": 700,
    "K": 128,
    "encoder_name": "coarse_binning"
  },
  "macro_f1": 0.3905421161355778,
  "macro_f1_4class": 0.5388730616754601,
  "ignore_visualize_labels": [],
  "per_class_f1": {
    "object": 0.6174017614051398,
    "glass": 0.2037718613800405,
    "ghost": 0.3504527256215532
  },
  "per_class_precision": {
    "object": 0.6694890078824588,
    "glass": 0.15370718709759704,
    "ghost": 0.24592805926296776
  },
  "per_class_recall": {
    "object": 0.5728343888959468,
    "glass": 0.30220417058228655,
    "ghost": 0.6095055918057457
  },
  "confusion_matrix": [
    [
      4487300257,
      33157491,
      13606724,
      48306396
    ],
    [
      37974696,
      88660513,
      17644905,
      10495009
    ],
    [
      5926407,
      7272931,
      5820915,
      241278
    ],
    [
      8199885,
      3339190,
      797611,
      19255792
    ]
  ],
  "checkpoint": "/data3/user/yoshida/fwl_mae/neurips2026/checkpoints/paper/pruning0.7merging0.9-vit3d-neurips-refactered/vit3d_lr0.0001_timm-cosine_epoch50_div3_aug-only-cutmix0.2_0.8/0512/vit3d_ordered_pruning_light_finetune_epoch_50_20260512_150711_0.02485.pth"
}