{
  "compress": "ae",
  "ae_ckpt": "runs/real_split2_1d/learnable_linear_K16/checkpoint.pt",
  "ae_meta": {
    "T": 700,
    "K": 16,
    "encoder_name": "learnable_linear"
  },
  "macro_f1": 0.3775484161879832,
  "macro_f1_4class": 0.5290391462518066,
  "ignore_visualize_labels": [],
  "per_class_f1": {
    "object": 0.5782090307875749,
    "glass": 0.21462496985425467,
    "ghost": 0.33981124792212014
  },
  "per_class_precision": {
    "object": 0.686410197535021,
    "glass": 0.15989714484757261,
    "ghost": 0.24091395541050528
  },
  "per_class_recall": {
    "object": 0.4994750803719277,
    "glass": 0.3263111327962455,
    "ghost": 0.57644835583964
  },
  "confusion_matrix": [
    [
      4496046146,
      25988967,
      11276007,
      49059748
    ],
    [
      47846790,
      77306317,
      21411558,
      8210458
    ],
    [
      6939657,
      5925163,
      6285252,
      111459
    ],
    [
      9642136,
      3403633,
      335277,
      18211432
    ]
  ],
  "checkpoint": "/data3/user/yoshida/fwl_mae/neurips2026/checkpoints/paper/pruning0.7merging0.9-vit3d-neurips-refactered/vit3d_lr0.0001_timm-cosine_epoch50_div3_aug-only-cutmix0.2_0.8/0512/vit3d_ordered_pruning_light_finetune_epoch_50_20260512_150711_0.02485.pth"
}