{
  "compress": "ae",
  "ae_ckpt": "runs/real_split2_1d/learnable_linear_K32/checkpoint.pt",
  "ae_meta": {
    "T": 700,
    "K": 32,
    "encoder_name": "learnable_linear"
  },
  "macro_f1": 0.3973892875222112,
  "macro_f1_4class": 0.544533735632827,
  "ignore_visualize_labels": [],
  "per_class_f1": {
    "object": 0.5933459521245217,
    "glass": 0.23412111465204563,
    "ghost": 0.3647007957900662
  },
  "per_class_precision": {
    "object": 0.6653922674392918,
    "glass": 0.16972509731865706,
    "ghost": 0.26717220607309855
  },
  "per_class_recall": {
    "object": 0.5353772065811894,
    "glass": 0.3772579137141279,
    "ghost": 0.5743683037462272
  },
  "confusion_matrix": [
    [
      4503457280,
      31050491,
      9430881,
      38432216
    ],
    [
      35468163,
      82863073,
      25289999,
      11153888
    ],
    [
      4914199,
      6894903,
      7266565,
      185864
    ],
    [
      8896273,
      3724199,
      826288,
      18145718
    ]
  ],
  "checkpoint": "/data3/user/yoshida/fwl_mae/neurips2026/checkpoints/paper/pruning0.7merging0.9-vit3d-neurips-refactered/vit3d_lr0.0001_timm-cosine_epoch50_div3_aug-only-cutmix0.2_0.8/0512/vit3d_ordered_pruning_light_finetune_epoch_50_20260512_150711_0.02485.pth"
}