{
  "compress": "ae",
  "ae_ckpt": "runs/real_split2_1d/learnable_linear_K8/checkpoint.pt",
  "ae_meta": {
    "T": 700,
    "K": 8,
    "encoder_name": "learnable_linear"
  },
  "macro_f1": 0.33145180073653796,
  "macro_f1_4class": 0.4937227218604839,
  "ignore_visualize_labels": [],
  "per_class_f1": {
    "object": 0.5022576672881093,
    "glass": 0.2512094842371963,
    "ghost": 0.24088825068430827
  },
  "per_class_precision": {
    "object": 0.6441765378513112,
    "glass": 0.19580998263106753,
    "ghost": 0.16454984698149178
  },
  "per_class_recall": {
    "object": 0.4115818534998031,
    "glass": 0.3503251636643006,
    "ghost": 0.44935354548636547
  },
  "confusion_matrix": [
    [
      4486316072,
      27664987,
      8345896,
      60043913
    ],
    [
      60306417,
      63702632,
      19068078,
      11697996
    ],
    [
      7315365,
      4863571,
      6747799,
      334796
    ],
    [
      14438272,
      2658832,
      299182,
      14196192
    ]
  ],
  "checkpoint": "/data3/user/yoshida/fwl_mae/neurips2026/checkpoints/paper/pruning0.7merging0.9-vit3d-neurips-refactered/vit3d_lr0.0001_timm-cosine_epoch50_div3_aug-only-cutmix0.2_0.8/0512/vit3d_ordered_pruning_light_finetune_epoch_50_20260512_150711_0.02485.pth"
}