{
  "compress": "ae",
  "ae_ckpt": "runs/real_split2_1d/learnable_linear_K64/checkpoint.pt",
  "ae_meta": {
    "T": 700,
    "K": 64,
    "encoder_name": "learnable_linear"
  },
  "macro_f1": 0.41111362827831704,
  "macro_f1_4class": 0.5546361884119684,
  "ignore_visualize_labels": [],
  "per_class_f1": {
    "object": 0.6046879573733853,
    "glass": 0.21468715885542883,
    "ghost": 0.41396576860613715
  },
  "per_class_precision": {
    "object": 0.7020441641237545,
    "glass": 0.15675315230715467,
    "ghost": 0.3031552970904557
  },
  "per_class_recall": {
    "object": 0.531045102125359,
    "glass": 0.3405502916668462,
    "ghost": 0.6524527768920184
  },
  "confusion_matrix": [
    [
      4504083664,
      26108003,
      12659957,
      39519244
    ],
    [
      43076406,
      82192571,
      21757719,
      7748427
    ],
    [
      6759731,
      5829017,
      6559520,
      113263
    ],
    [
      7164420,
      2946478,
      868980,
      20612600
    ]
  ],
  "checkpoint": "/data3/user/yoshida/fwl_mae/neurips2026/checkpoints/paper/pruning0.7merging0.9-vit3d-neurips-refactered/vit3d_lr0.0001_timm-cosine_epoch50_div3_aug-only-cutmix0.2_0.8/0512/vit3d_ordered_pruning_light_finetune_epoch_50_20260512_150711_0.02485.pth"
}