{
  "compress": "ae",
  "ae_ckpt": "runs/real_split2_1d/learnable_linear_K16/checkpoint.pt",
  "ae_meta": {
    "T": 700,
    "K": 16,
    "encoder_name": "learnable_linear"
  },
  "macro_f1": 0.37754778453340293,
  "macro_f1_4class": 0.5290386614792046,
  "ignore_visualize_labels": [],
  "per_class_f1": {
    "object": 0.5782077031060227,
    "glass": 0.21462479940878307,
    "ghost": 0.339810851085403
  },
  "per_class_precision": {
    "object": 0.6864097255777282,
    "glass": 0.1598973670209701,
    "ghost": 0.24091345144268939
  },
  "per_class_recall": {
    "object": 0.4994733488275115,
    "glass": 0.32630941953679593,
    "ghost": 0.576448957248621
  },
  "confusion_matrix": [
    [
      4496046110,
      25988923,
      11275949,
      49059886
    ],
    [
      47847150,
      77306049,
      21411388,
      8210536
    ],
    [
      6939674,
      5925177,
      6285219,
      111461
    ],
    [
      9642132,
      3403618,
      335277,
      18211451
    ]
  ],
  "checkpoint": "/data3/user/yoshida/fwl_mae/neurips2026/checkpoints/paper/pruning0.7merging0.9-vit3d-neurips-refactered/vit3d_lr0.0001_timm-cosine_epoch50_div3_aug-only-cutmix0.2_0.8/0512/vit3d_ordered_pruning_light_finetune_epoch_50_20260512_150711_0.02485.pth"
}