{
  "compress": "ae",
  "ae_ckpt": "runs/real_split2_1d/learnable_linear_K128/checkpoint.pt",
  "ae_meta": {
    "T": 700,
    "K": 128,
    "encoder_name": "learnable_linear"
  },
  "macro_f1": 0.3947437936861409,
  "macro_f1_4class": 0.5427159252180729,
  "ignore_visualize_labels": [],
  "per_class_f1": {
    "object": 0.6069649821247898,
    "glass": 0.18200280838313346,
    "ghost": 0.3952635905504995
  },
  "per_class_precision": {
    "object": 0.657485201069133,
    "glass": 0.12455787412316663,
    "ghost": 0.3710152890525978
  },
  "per_class_recall": {
    "object": 0.5636545738684375,
    "glass": 0.33778706375936574,
    "ghost": 0.4229031037071546
  },
  "confusion_matrix": [
    [
      4513565617,
      33841404,
      16639471,
      18324376
    ],
    [
      37251408,
      87239706,
      26051345,
      4232664
    ],
    [
      4912755,
      7749278,
      6506296,
      93202
    ],
    [
      11337347,
      3856562,
      3038012,
      13360557
    ]
  ],
  "checkpoint": "/data3/user/yoshida/fwl_mae/neurips2026/checkpoints/paper/pruning0.7merging0.9-vit3d-neurips-refactered/vit3d_lr0.0001_timm-cosine_epoch50_div3_aug-only-cutmix0.2_0.8/0512/vit3d_ordered_pruning_light_finetune_epoch_50_20260512_150711_0.02485.pth"
}