{
  "compress": "ae",
  "ae_ckpt": "runs/real_split2_1d/learnable_linear_K64/checkpoint.pt",
  "ae_meta": {
    "T": 700,
    "K": 64,
    "encoder_name": "learnable_linear"
  },
  "macro_f1": 0.41111368187656333,
  "macro_f1_4class": 0.5546362291208455,
  "ignore_visualize_labels": [],
  "per_class_f1": {
    "object": 0.6046879077540692,
    "glass": 0.2146872895878075,
    "ghost": 0.41396584828781335
  },
  "per_class_precision": {
    "object": 0.7020440416492222,
    "glass": 0.1567532147001912,
    "ghost": 0.30315538938936964
  },
  "per_class_recall": {
    "object": 0.5310450956643724,
    "glass": 0.34055065508551735,
    "ghost": 0.6524527452389142
  },
  "confusion_matrix": [
    [
      4504083662,
      26108022,
      12659959,
      39519225
    ],
    [
      43076392,
      82192570,
      21757738,
      7748423
    ],
    [
      6759726,
      5829015,
      6559527,
      113263
    ],
    [
      7164418,
      2946481,
      868980,
      20612599
    ]
  ],
  "checkpoint": "/data3/user/yoshida/fwl_mae/neurips2026/checkpoints/paper/pruning0.7merging0.9-vit3d-neurips-refactered/vit3d_lr0.0001_timm-cosine_epoch50_div3_aug-only-cutmix0.2_0.8/0512/vit3d_ordered_pruning_light_finetune_epoch_50_20260512_150711_0.02485.pth"
}