{
  "compress": "ae",
  "ae_ckpt": "runs/real_split2_1d/learnable_linear_K8/checkpoint.pt",
  "ae_meta": {
    "T": 700,
    "K": 8,
    "encoder_name": "learnable_linear"
  },
  "macro_f1": 0.331451645174723,
  "macro_f1_4class": 0.4937226052193014,
  "ignore_visualize_labels": [],
  "per_class_f1": {
    "object": 0.5022575220138993,
    "glass": 0.2512092232785435,
    "ghost": 0.24088819023172614
  },
  "per_class_precision": {
    "object": 0.6441766138514613,
    "glass": 0.195809746626118,
    "ghost": 0.16454975660807317
  },
  "per_class_recall": {
    "object": 0.4115816273652711,
    "glass": 0.35032490407953554,
    "ghost": 0.44935379871119957
  },
  "confusion_matrix": [
    [
      4486316050,
      27664956,
      8345905,
      60043957
    ],
    [
      60306410,
      63702597,
      19068090,
      11698026
    ],
    [
      7315356,
      4863571,
      6747794,
      334810
    ],
    [
      14438264,
      2658832,
      299182,
      14196200
    ]
  ],
  "checkpoint": "/data3/user/yoshida/fwl_mae/neurips2026/checkpoints/paper/pruning0.7merging0.9-vit3d-neurips-refactered/vit3d_lr0.0001_timm-cosine_epoch50_div3_aug-only-cutmix0.2_0.8/0512/vit3d_ordered_pruning_light_finetune_epoch_50_20260512_150711_0.02485.pth"
}