{
  "compress": "ae",
  "ae_ckpt": "runs/real_split2_1d/learnable_linear_K32/checkpoint.pt",
  "ae_meta": {
    "T": 700,
    "K": 32,
    "encoder_name": "learnable_linear"
  },
  "macro_f1": 0.3973897346240844,
  "macro_f1_4class": 0.5445340713703206,
  "ignore_visualize_labels": [],
  "per_class_f1": {
    "object": 0.5933459115435153,
    "glass": 0.23412130788309038,
    "ghost": 0.36470198444564744
  },
  "per_class_precision": {
    "object": 0.6653919258486558,
    "glass": 0.1697254895695585,
    "ghost": 0.26717276963026493
  },
  "per_class_recall": {
    "object": 0.5353773616448685,
    "glass": 0.37725697920897355,
    "ghost": 0.5743715956690704
  },
  "confusion_matrix": [
    [
      4503457218,
      31050471,
      9430830,
      38432349
    ],
    [
      35468154,
      82863097,
      25289975,
      11153897
    ],
    [
      4914156,
      6894964,
      7266547,
      185864
    ],
    [
      8896246,
      3724234,
      826176,
      18145822
    ]
  ],
  "checkpoint": "/data3/user/yoshida/fwl_mae/neurips2026/checkpoints/paper/pruning0.7merging0.9-vit3d-neurips-refactered/vit3d_lr0.0001_timm-cosine_epoch50_div3_aug-only-cutmix0.2_0.8/0512/vit3d_ordered_pruning_light_finetune_epoch_50_20260512_150711_0.02485.pth"
}