{
  "compress": "ae",
  "ae_ckpt": "runs/real_split2_1d/learnable_linear_K128/checkpoint.pt",
  "ae_meta": {
    "T": 700,
    "K": 128,
    "encoder_name": "learnable_linear"
  },
  "macro_f1": 0.3947435485376511,
  "macro_f1_4class": 0.5427157287919144,
  "ignore_visualize_labels": [],
  "per_class_f1": {
    "object": 0.6069650757213452,
    "glass": 0.18200335108461274,
    "ghost": 0.39526221880699536
  },
  "per_class_precision": {
    "object": 0.6574856492905625,
    "glass": 0.12455850250113315,
    "ghost": 0.3710147477506928
  },
  "per_class_recall": {
    "object": 0.5636544058827851,
    "glass": 0.33778618117116443,
    "ghost": 0.4229006664181265
  },
  "confusion_matrix": [
    [
      4513565725,
      33841288,
      16639524,
      18324331
    ],
    [
      37252209,
      87239680,
      26050603,
      4232631
    ],
    [
      4912753,
      7749297,
      6506279,
      93202
    ],
    [
      11337125,
      3856555,
      3038318,
      13360480
    ]
  ],
  "checkpoint": "/data3/user/yoshida/fwl_mae/neurips2026/checkpoints/paper/pruning0.7merging0.9-vit3d-neurips-refactered/vit3d_lr0.0001_timm-cosine_epoch50_div3_aug-only-cutmix0.2_0.8/0512/vit3d_ordered_pruning_light_finetune_epoch_50_20260512_150711_0.02485.pth"
}