{
  "compress": "none",
  "ae_ckpt": null,
  "ae_meta": null,
  "macro_f1": 0.516789149433372,
  "macro_f1_4class": 0.6349180078060236,
  "ignore_visualize_labels": [],
  "per_class_f1": {
    "object": 0.6938998164961732,
    "glass": 0.2983274337394709,
    "ghost": 0.5581401980644719
  },
  "per_class_precision": {
    "object": 0.7305217915755193,
    "glass": 0.21793264438335377,
    "ghost": 0.43532214506340755
  },
  "per_class_recall": {
    "object": 0.6607743674058484,
    "glass": 0.47270830648091516,
    "ghost": 0.7774963414529287
  },
  "confusion_matrix": [
    [
      4516496856,
      28690774,
      11321180,
      25618771
    ],
    [
      23736063,
      101895645,
      22526522,
      6048183
    ],
    [
      4287646,
      6217456,
      9524464,
      119147
    ],
    [
      4001674,
      2679500,
      331539,
      24504580
    ]
  ],
  "checkpoint": "/data3/user/yoshida/fwl_mae/neurips2026/checkpoints/paper/pruning0.7merging0.9-vit3d-neurips-refactered/vit3d_lr0.0001_timm-cosine_epoch50_div3_aug-only-cutmix0.2_0.8/0512/vit3d_ordered_pruning_light_finetune_epoch_50_20260512_150711_0.02485.pth"
}