{
  "compress": "none",
  "ae_ckpt": null,
  "ae_meta": null,
  "macro_f1": 0.5167886672222467,
  "macro_f1_4class": 0.6349176466517991,
  "ignore_visualize_labels": [],
  "per_class_f1": {
    "object": 0.6938994880888436,
    "glass": 0.2983270258371617,
    "ghost": 0.5581394877407345
  },
  "per_class_precision": {
    "object": 0.7305213330880855,
    "glass": 0.21793248330149692,
    "ghost": 0.4353213106899101
  },
  "per_class_recall": {
    "object": 0.6607741469221516,
    "glass": 0.47270701607591514,
    "ghost": 0.777496246267089
  },
  "confusion_matrix": [
    [
      4516496838,
      28690779,
      11321157,
      25618807
    ],
    [
      23736067,
      101895611,
      22526484,
      6048251
    ],
    [
      4287644,
      6217484,
      9524438,
      119147
    ],
    [
      4001635,
      2679542,
      331539,
      24504577
    ]
  ],
  "checkpoint": "/data3/user/yoshida/fwl_mae/neurips2026/checkpoints/paper/pruning0.7merging0.9-vit3d-neurips-refactered/vit3d_lr0.0001_timm-cosine_epoch50_div3_aug-only-cutmix0.2_0.8/0512/vit3d_ordered_pruning_light_finetune_epoch_50_20260512_150711_0.02485.pth"
}