{
  "compress": "ae",
  "ae_ckpt": "runs/real_split2_spatial/spatial_K512/checkpoint.pt",
  "ae_meta": {
    "T": 700,
    "K": 512,
    "P": 16
  },
  "macro_f1": 0.4452672338016746,
  "macro_f1_4class": 0.5809203005616113,
  "ignore_visualize_labels": [],
  "per_class_f1": {
    "object": 0.5985712956599657,
    "glass": 0.27225939376934843,
    "ghost": 0.4649710119757097
  },
  "per_class_precision": {
    "object": 0.6978515887631357,
    "glass": 0.1935169104259269,
    "ghost": 0.40229249354536106
  },
  "per_class_recall": {
    "object": 0.5240211051229466,
    "glass": 0.4590464797424462,
    "ghost": 0.5507851900696109
  },
  "confusion_matrix": [
    [
      4527058928,
      26248636,
      8471152,
      20592152
    ],
    [
      40612315,
      81105431,
      27932219,
      5125158
    ],
    [
      5112892,
      5170905,
      8841938,
      135796
    ],
    [
      10049709,
      3696632,
      445468,
      17400669
    ]
  ],
  "checkpoint": "/data3/user/yoshida/fwl_mae/neurips2026/checkpoints/paper/pruning0.7merging0.9-vit3d-neurips-refactered/vit3d_lr0.0001_timm-cosine_epoch50_div3_aug-only-cutmix0.2_0.8/0512/vit3d_ordered_pruning_light_finetune_epoch_50_20260512_150711_0.02485.pth"
}