{
  "compress": "ae",
  "ae_ckpt": "runs/real_split2_spatial/spatial_K128/checkpoint.pt",
  "ae_meta": {
    "T": 700,
    "K": 128,
    "P": 16
  },
  "macro_f1": 0.4257478910590014,
  "macro_f1_4class": 0.5661582679277452,
  "ignore_visualize_labels": [],
  "per_class_f1": {
    "object": 0.584753859451711,
    "glass": 0.27317859009376216,
    "ghost": 0.4193112236315311
  },
  "per_class_precision": {
    "object": 0.7026530904625127,
    "glass": 0.19623009135229413,
    "ghost": 0.36175563811514594
  },
  "per_class_recall": {
    "object": 0.5007348047786724,
    "glass": 0.44940596881940487,
    "ghost": 0.49864619673075344
  },
  "confusion_matrix": [
    [
      4528371567,
      24312281,
      8107452,
      21579568
    ],
    [
      44389042,
      77501291,
      26811179,
      6073611
    ],
    [
      5486330,
      4978336,
      8656247,
      140618
    ],
    [
      11794969,
      3506178,
      537862,
      15753469
    ]
  ],
  "checkpoint": "/data3/user/yoshida/fwl_mae/neurips2026/checkpoints/paper/pruning0.7merging0.9-vit3d-neurips-refactered/vit3d_lr0.0001_timm-cosine_epoch50_div3_aug-only-cutmix0.2_0.8/0512/vit3d_ordered_pruning_light_finetune_epoch_50_20260512_150711_0.02485.pth"
}