{
  "compress": "ae",
  "ae_ckpt": "runs/real_split2_spatial/spatial_K1024/checkpoint.pt",
  "ae_meta": {
    "T": 700,
    "K": 1024,
    "P": 16
  },
  "macro_f1": 0.5750094199771653,
  "per_class_f1": {
    "object": 0.7015940326750043,
    "glass": 0.31733278369218854,
    "ghost": 0.7061014435643029
  },
  "per_class_precision": {
    "object": 0.8918420055976468,
    "glass": 0.23026542684587775,
    "ghost": 0.7580497283533036
  },
  "per_class_recall": {
    "object": 0.5782430681705871,
    "glass": 0.5102776098120134,
    "ghost": 0.6608164449778203
  },
  "macro_iou": 0.42488522226720643,
  "confusion_matrix": [
    [
      0,
      0,
      0,
      0
    ],
    [
      26923773,
      89497642,
      31981146,
      6372562
    ],
    [
      2752675,
      6389335,
      9828728,
      290793
    ],
    [
      5376705,
      4464477,
      874467,
      20876829
    ]
  ],
  "checkpoint": "/data3/user/yoshida/fwl_mae/neurips2026/checkpoints/paper/pruning0.7merging0.9-vit3d-neurips-refactered/vit3d_lr0.0001_timm-cosine_epoch50_div3_aug-only-cutmix0.2_0.8/0512/vit3d_ordered_pruning_light_finetune_epoch_50_20260512_150711_0.02485.pth"
}