{
  "compress": "ae",
  "ae_ckpt": "runs/real_split2_spatial/spatial_K1024/checkpoint.pt",
  "ae_meta": {
    "T": 700,
    "K": 1024,
    "P": 16
  },
  "macro_f1": 0.4521725897131624,
  "macro_f1_4class": 0.5862135920955244,
  "ignore_visualize_labels": [],
  "per_class_f1": {
    "object": 0.5963695327907196,
    "glass": 0.2648346600670117,
    "ghost": 0.49531357628175604
  },
  "per_class_precision": {
    "object": 0.7138978192567801,
    "glass": 0.19032298556611194,
    "ghost": 0.4585221347537758
  },
  "per_class_recall": {
    "object": 0.5120682475568118,
    "glass": 0.4352262548600109,
    "ghost": 0.5385243284809758
  },
  "confusion_matrix": [
    [
      4535576215,
      23496328,
      8127102,
      15171223
    ],
    [
      43848210,
      79255426,
      26946385,
      4725102
    ],
    [
      5698760,
      4984608,
      8383124,
      195039
    ],
    [
      10707419,
      3281523,
      590218,
      17013318
    ]
  ],
  "checkpoint": "/data3/user/yoshida/fwl_mae/neurips2026/checkpoints/paper/pruning0.7merging0.9-vit3d-neurips-refactered/vit3d_lr0.0001_timm-cosine_epoch50_div3_aug-only-cutmix0.2_0.8/0512/vit3d_ordered_pruning_light_finetune_epoch_50_20260512_150711_0.02485.pth"
}