{
  "compress": "ae",
  "ae_ckpt": "runs/real_split2_spatial/spatial_K1024/checkpoint.pt",
  "ae_meta": {
    "T": 700,
    "K": 1024,
    "P": 16
  },
  "macro_f1": 0.4521725529915224,
  "macro_f1_4class": 0.5862135647136782,
  "ignore_visualize_labels": [],
  "per_class_f1": {
    "object": 0.5963694494731704,
    "glass": 0.2648344537856009,
    "ghost": 0.4953137557157961
  },
  "per_class_precision": {
    "object": 0.7138978693020027,
    "glass": 0.19032283206377176,
    "ghost": 0.458522511130345
  },
  "per_class_recall": {
    "object": 0.5120680989541194,
    "glass": 0.43522594335829273,
    "ghost": 0.538524233521663
  },
  "confusion_matrix": [
    [
      4535576254,
      23496313,
      8127107,
      15171194
    ],
    [
      43848233,
      79255403,
      26946390,
      4725097
    ],
    [
      5698765,
      4984609,
      8383118,
      195039
    ],
    [
      10707425,
      3281520,
      590218,
      17013315
    ]
  ],
  "checkpoint": "/data3/user/yoshida/fwl_mae/neurips2026/checkpoints/paper/pruning0.7merging0.9-vit3d-neurips-refactered/vit3d_lr0.0001_timm-cosine_epoch50_div3_aug-only-cutmix0.2_0.8/0512/vit3d_ordered_pruning_light_finetune_epoch_50_20260512_150711_0.02485.pth"
}