{
  "compress": "ae",
  "ae_ckpt": "runs/real_split2_spatial/spatial_K2048/checkpoint.pt",
  "ae_meta": {
    "T": 700,
    "K": 2048,
    "P": 16
  },
  "macro_f1": 0.45629503218057405,
  "macro_f1_4class": 0.5893348165152689,
  "ignore_visualize_labels": [],
  "per_class_f1": {
    "object": 0.6163432071814551,
    "glass": 0.2626938617204378,
    "ghost": 0.4898480276398292
  },
  "per_class_precision": {
    "object": 0.7043755672807561,
    "glass": 0.19314765047422006,
    "ghost": 0.4478636871800249
  },
  "per_class_recall": {
    "object": 0.5478707130473416,
    "glass": 0.4105025192441868,
    "ghost": 0.5405181258652771
  },
  "confusion_matrix": [
    [
      4532516899,
      26209550,
      7107405,
      16537014
    ],
    [
      40309720,
      84796757,
      25299346,
      4369300
    ],
    [
      5315489,
      5893398,
      7906907,
      145737
    ],
    [
      10406706,
      3486011,
      623454,
      17076307
    ]
  ],
  "checkpoint": "/data3/user/yoshida/fwl_mae/neurips2026/checkpoints/paper/pruning0.7merging0.9-vit3d-neurips-refactered/vit3d_lr0.0001_timm-cosine_epoch50_div3_aug-only-cutmix0.2_0.8/0512/vit3d_ordered_pruning_light_finetune_epoch_50_20260512_150711_0.02485.pth"
}