{
  "compress": "ae",
  "ae_ckpt": "runs/real_split2_spatial/spatial_K2048/checkpoint.pt",
  "ae_meta": {
    "T": 700,
    "K": 2048,
    "P": 16
  },
  "macro_f1": 0.45629506675275017,
  "macro_f1_4class": 0.5893348427195196,
  "ignore_visualize_labels": [],
  "per_class_f1": {
    "object": 0.6163432379466358,
    "glass": 0.26269384158844783,
    "ghost": 0.4898481207231669
  },
  "per_class_precision": {
    "object": 0.7043756156046159,
    "glass": 0.19314764020097266,
    "ghost": 0.44786377760783136
  },
  "per_class_recall": {
    "object": 0.5478707324303015,
    "glass": 0.4105024673272337,
    "ghost": 0.54051822082459
  },
  "confusion_matrix": [
    [
      4532516908,
      26209546,
      7107403,
      16537011
    ],
    [
      40309719,
      84796760,
      25299345,
      4369299
    ],
    [
      5315489,
      5893399,
      7906906,
      145737
    ],
    [
      10406706,
      3486007,
      623455,
      17076310
    ]
  ],
  "checkpoint": "/data3/user/yoshida/fwl_mae/neurips2026/checkpoints/paper/pruning0.7merging0.9-vit3d-neurips-refactered/vit3d_lr0.0001_timm-cosine_epoch50_div3_aug-only-cutmix0.2_0.8/0512/vit3d_ordered_pruning_light_finetune_epoch_50_20260512_150711_0.02485.pth"
}