{
  "compress": "ae",
  "ae_ckpt": "runs/real_split2_spatial/spatial_K256/checkpoint.pt",
  "ae_meta": {
    "T": 700,
    "K": 256,
    "P": 16
  },
  "macro_f1": 0.4480510420906496,
  "macro_f1_4class": 0.5830300031236229,
  "ignore_visualize_labels": [],
  "per_class_f1": {
    "object": 0.6019609958302607,
    "glass": 0.2729422302574732,
    "ghost": 0.4692499001842149
  },
  "per_class_precision": {
    "object": 0.7028082158276011,
    "glass": 0.19616535130735208,
    "ghost": 0.4277365925723758
  },
  "per_class_recall": {
    "object": 0.5264235325466354,
    "glass": 0.4484671545579632,
    "ghost": 0.5196873445634749
  },
  "confusion_matrix": [
    [
      4530826421,
      25712844,
      8506215,
      17325388
    ],
    [
      42467405,
      81477267,
      26312134,
      4518317
    ],
    [
      5183113,
      5318241,
      8638164,
      122013
    ],
    [
      11173005,
      3422659,
      578603,
      16418211
    ]
  ],
  "checkpoint": "/data3/user/yoshida/fwl_mae/neurips2026/checkpoints/paper/pruning0.7merging0.9-vit3d-neurips-refactered/vit3d_lr0.0001_timm-cosine_epoch50_div3_aug-only-cutmix0.2_0.8/0512/vit3d_ordered_pruning_light_finetune_epoch_50_20260512_150711_0.02485.pth"
}