{
  "compress": "ae",
  "ae_ckpt": "runs/real_split2_spatial/spatial_K256/checkpoint.pt",
  "ae_meta": {
    "T": 700,
    "K": 256,
    "P": 16
  },
  "macro_f1": 0.44805091524007623,
  "macro_f1_4class": 0.5830299076973816,
  "ignore_visualize_labels": [],
  "per_class_f1": {
    "object": 0.6019609513568723,
    "glass": 0.2729422029723344,
    "ghost": 0.46924959139102196
  },
  "per_class_precision": {
    "object": 0.7028080945816828,
    "glass": 0.19616533305295103,
    "ghost": 0.4277361651969294
  },
  "per_class_recall": {
    "object": 0.5264235325466354,
    "glass": 0.4484671026410102,
    "ghost": 0.5196872179510579
  },
  "confusion_matrix": [
    [
      4530826392,
      25712864,
      8506211,
      17325401
    ],
    [
      42467381,
      81477267,
      26312138,
      4518337
    ],
    [
      5183117,
      5318238,
      8638163,
      122013
    ],
    [
      11173006,
      3422662,
      578603,
      16418207
    ]
  ],
  "checkpoint": "/data3/user/yoshida/fwl_mae/neurips2026/checkpoints/paper/pruning0.7merging0.9-vit3d-neurips-refactered/vit3d_lr0.0001_timm-cosine_epoch50_div3_aug-only-cutmix0.2_0.8/0512/vit3d_ordered_pruning_light_finetune_epoch_50_20260512_150711_0.02485.pth"
}