{
  "compress": "ae",
  "ae_ckpt": "runs/real_split2_spatial/spatial_K128/checkpoint.pt",
  "ae_meta": {
    "T": 700,
    "K": 128,
    "P": 16
  },
  "macro_f1": 0.4257481859496684,
  "macro_f1_4class": 0.5661584923268292,
  "ignore_visualize_labels": [],
  "per_class_f1": {
    "object": 0.584753822206787,
    "glass": 0.27317876081819203,
    "ghost": 0.41931197482402616
  },
  "per_class_precision": {
    "object": 0.7026531610190225,
    "glass": 0.19623021804337373,
    "ghost": 0.36175687298382087
  },
  "per_class_recall": {
    "object": 0.5007347143248596,
    "glass": 0.44940622840416994,
    "ghost": 0.4986459751590236
  },
  "confusion_matrix": [
    [
      4528371726,
      24312266,
      8107446,
      21579430
    ],
    [
      44389078,
      77501277,
      26811179,
      6073589
    ],
    [
      5486336,
      4978326,
      8656252,
      140617
    ],
    [
      11794970,
      3506186,
      537860,
      15753462
    ]
  ],
  "checkpoint": "/data3/user/yoshida/fwl_mae/neurips2026/checkpoints/paper/pruning0.7merging0.9-vit3d-neurips-refactered/vit3d_lr0.0001_timm-cosine_epoch50_div3_aug-only-cutmix0.2_0.8/0512/vit3d_ordered_pruning_light_finetune_epoch_50_20260512_150711_0.02485.pth"
}