{
  "compress": "ae",
  "ae_ckpt": "runs/real_split2_spatial/spatial_K256/checkpoint.pt",
  "ae_meta": {
    "T": 700,
    "K": 256,
    "P": 16
  },
  "macro_f1": 0.5806200350937285,
  "per_class_f1": {
    "object": 0.7133885685421344,
    "glass": 0.33061839181687774,
    "ghost": 0.6978531449221733
  },
  "per_class_precision": {
    "object": 0.8898809219701178,
    "glass": 0.24094141910920477,
    "ghost": 0.7658192870593077
  },
  "per_class_recall": {
    "object": 0.595317691978187,
    "glass": 0.5266251680616666,
    "ghost": 0.6409675429701969
  },
  "macro_iou": 0.4294814561166243,
  "confusion_matrix": [
    [
      0,
      0,
      0,
      0
    ],
    [
      25517143,
      92140369,
      31097463,
      6020148
    ],
    [
      2157170,
      6788708,
      10143607,
      172046
    ],
    [
      5870625,
      4613281,
      858819,
      20249753
    ]
  ],
  "checkpoint": "/data3/user/yoshida/fwl_mae/neurips2026/checkpoints/paper/pruning0.7merging0.9-vit3d-neurips-refactered/vit3d_lr0.0001_timm-cosine_epoch50_div3_aug-only-cutmix0.2_0.8/0512/vit3d_ordered_pruning_light_finetune_epoch_50_20260512_150711_0.02485.pth"
}