{
  "compress": "ae",
  "ae_ckpt": "runs/real_split2_spatial/spatial_K512/checkpoint.pt",
  "ae_meta": {
    "T": 700,
    "K": 512,
    "P": 16
  },
  "macro_f1": 0.445267271707833,
  "macro_f1_4class": 0.5809203228940554,
  "ignore_visualize_labels": [],
  "per_class_f1": {
    "object": 0.5985725127782817,
    "glass": 0.27225754021402315,
    "ghost": 0.4649717621311942
  },
  "per_class_precision": {
    "object": 0.6978510015845597,
    "glass": 0.1935166429739973,
    "ghost": 0.4022929580650699
  },
  "per_class_recall": {
    "object": 0.5240233018584001,
    "glass": 0.45903744619262093,
    "ghost": 0.550786424540677
  },
  "confusion_matrix": [
    [
      4527058917,
      26248807,
      8470870,
      20592274
    ],
    [
      40612469,
      81105771,
      27931839,
      5125044
    ],
    [
      5112995,
      5170976,
      8841764,
      135796
    ],
    [
      10049667,
      3696635,
      445468,
      17400708
    ]
  ],
  "checkpoint": "/data3/user/yoshida/fwl_mae/neurips2026/checkpoints/paper/pruning0.7merging0.9-vit3d-neurips-refactered/vit3d_lr0.0001_timm-cosine_epoch50_div3_aug-only-cutmix0.2_0.8/0512/vit3d_ordered_pruning_light_finetune_epoch_50_20260512_150711_0.02485.pth"
}