{
  "waveform_mse_mean": 0.0069549246691167355,
  "waveform_mse_std": 0.0049995542503893375,
  "energy_abs_mean": 4.204838275909424,
  "energy_rel_mean": 0.37491363286972046,
  "peak_loc_error_mean": 1.7940677966101695,
  "peak_loc_error_median": 1.0,
  "peak_count_mae": 4.03925,
  "peak_count_acc": 0.02025,
  "peak_recall": 0.9339137316976652,
  "peak_precision": 0.2984319676277188,
  "ghost_recall": 0.9201995012468828,
  "compression_ratio": 87.5,
  "T": 700,
  "K": 8,
  "width_threshold": 7.0,
  "all_pos_err": 1.8583820478974165,
  "all_intensity_relerr": 0.4830430719121227,
  "all_fwhm_relerr": 0.40921815900517566,
  "all_recall": 0.9551512968299711,
  "all_n": 5552,
  "narrow_pos_err": 2.2454384932313127,
  "narrow_intensity_relerr": 0.5292277284064004,
  "narrow_fwhm_relerr": 0.5631646066313517,
  "narrow_recall": 0.9381557150745444,
  "narrow_n": 1811,
  "wide_pos_err": 1.6759156492785794,
  "wide_intensity_relerr": 0.4612706714171787,
  "wide_fwhm_relerr": 0.33664462556542174,
  "wide_recall": 0.9633787757284149,
  "wide_n": 3741,
  "object_recall": 0.984023475709162,
  "object_n": 3067,
  "glass_recall": 0.9166666666666666,
  "glass_n": 480,
  "ghost_n": 2005,
  "all_precision": 0.3009989783176297,
  "encoder": "random_projection"
}