{
  "waveform_mse_mean": 0.0010777299758046865,
  "waveform_mse_std": 0.001270267297513783,
  "energy_abs_mean": 1.2955615520477295,
  "energy_rel_mean": 0.09834849834442139,
  "peak_loc_error_mean": 1.016921837228042,
  "peak_loc_error_median": 1.0,
  "peak_count_mae": 0.93725,
  "peak_count_acc": 0.39875,
  "peak_recall": 0.9821923229125445,
  "peak_precision": 0.666129898013956,
  "ghost_recall": 0.9635910224438903,
  "compression_ratio": 21.875,
  "T": 700,
  "K": 32,
  "width_threshold": 7.0,
  "all_pos_err": 0.9555514907627584,
  "all_intensity_relerr": 0.18609912014786495,
  "all_fwhm_relerr": 0.24449181201887846,
  "all_recall": 0.9846902017291066,
  "all_n": 5552,
  "narrow_pos_err": 1.04056338028169,
  "narrow_intensity_relerr": 0.2382640729207103,
  "narrow_fwhm_relerr": 0.4175962441314554,
  "narrow_recall": 0.9801214798453893,
  "narrow_n": 1811,
  "wide_pos_err": 0.9146803900325027,
  "wide_intensity_relerr": 0.1610198159301508,
  "wide_fwhm_relerr": 0.1612685273493703,
  "wide_recall": 0.9869018978882652,
  "wide_n": 3741,
  "object_recall": 0.9983697424193022,
  "object_n": 3067,
  "glass_recall": 0.9854166666666667,
  "glass_n": 480,
  "ghost_n": 2005,
  "all_precision": 0.6607445008460237,
  "encoder": "learnable_linear"
}