{
  "waveform_mse_mean": 0.0003661166992969811,
  "waveform_mse_std": 0.0001583720586495474,
  "energy_abs_mean": 3.168715476989746,
  "energy_rel_mean": 0.21889370679855347,
  "peak_loc_error_mean": 1.2646028037383177,
  "peak_loc_error_median": 1.0,
  "peak_count_mae": 0.2285,
  "peak_count_acc": 0.7945,
  "peak_recall": 0.9041457618167414,
  "peak_precision": 0.9694224235560589,
  "ghost_recall": 0.7968662562954673,
  "compression_ratio": 10.9375,
  "T": 700,
  "K": 64,
  "ghost_proxy_precision": 0.9923664122137404,
  "ghost_proxy_recall": 0.8717518860016764,
  "ghost_proxy_f1": 0.9281570727353861,
  "ghost_proxy_f1_upperbound": 0.9447147279964617,
  "ghost_proxy_f1_retention": 0.9824733808308558,
  "width_threshold": 17.089962005615234,
  "all_pos_err": 0.759558533701222,
  "all_intensity_relerr": 0.12617368535984852,
  "all_fwhm_relerr": 0.1349211343388273,
  "all_recall": 0.8967833156592435,
  "all_n": 2829,
  "narrow_pos_err": 0.650996015936255,
  "narrow_intensity_relerr": 0.1357149309951765,
  "narrow_fwhm_relerr": 0.15685089468372884,
  "narrow_recall": 0.8881811748053786,
  "narrow_n": 1413,
  "wide_pos_err": 0.8658346333853354,
  "wide_intensity_relerr": 0.11683338639546739,
  "wide_fwhm_relerr": 0.11345323322115851,
  "wide_recall": 0.905367231638418,
  "wide_n": 1416,
  "all_precision": 0.9588057445200302,
  "encoder": "coarse_binning"
}