{
  "waveform_mse_mean": 0.0003931036335416138,
  "waveform_mse_std": 0.00021075243421364576,
  "energy_abs_mean": 2.5931284427642822,
  "energy_rel_mean": 0.17262542247772217,
  "peak_loc_error_mean": 1.4473529411764705,
  "peak_loc_error_median": 1.0,
  "peak_count_mae": 0.204,
  "peak_count_acc": 0.8065,
  "peak_recall": 0.8978082915236335,
  "peak_precision": 0.9892347977887693,
  "ghost_recall": 0.7834359261331841,
  "compression_ratio": 5.46875,
  "T": 700,
  "K": 128,
  "ghost_proxy_precision": 0.9932756964457252,
  "ghost_proxy_recall": 0.8667225481978206,
  "ghost_proxy_f1": 0.9256938227394806,
  "ghost_proxy_f1_upperbound": 0.9447147279964617,
  "ghost_proxy_f1_retention": 0.9798659799690851,
  "width_threshold": 17.089962005615234,
  "all_pos_err": 0.7822804926499801,
  "all_intensity_relerr": 0.153620220247106,
  "all_fwhm_relerr": 0.16188547708131684,
  "all_recall": 0.8897136797454931,
  "all_n": 2829,
  "narrow_pos_err": 0.66934835076428,
  "narrow_intensity_relerr": 0.16259508988244292,
  "narrow_fwhm_relerr": 0.19741183462607437,
  "narrow_recall": 0.8796886058032555,
  "narrow_n": 1413,
  "wide_pos_err": 0.8924646781789639,
  "wide_intensity_relerr": 0.14486373440980319,
  "wide_fwhm_relerr": 0.1272235756463611,
  "wide_recall": 0.8997175141242938,
  "wide_n": 1416,
  "all_precision": 0.9759596742923614,
  "encoder": "dct_lowfreq"
}