{
  "waveform_mse_mean": 0.006568354554474354,
  "waveform_mse_std": 0.00527312932536006,
  "energy_abs_mean": 6.758389949798584,
  "energy_rel_mean": 0.24243320524692535,
  "peak_loc_error_mean": 3.358359623844001,
  "peak_loc_error_median": 2.64373779296875,
  "peak_count_mae": 1.65175,
  "peak_count_acc": 0.297,
  "peak_recall": 0.7537529265941331,
  "peak_precision": 0.39943074003795065,
  "ghost_recall": 0.5541245016865992,
  "compression_ratio": 87.5,
  "T": 700,
  "K": 8,
  "ghost_proxy_precision": 0.616516762060507,
  "ghost_proxy_recall": 0.6926963711529628,
  "ghost_proxy_f1": 0.6523902227990482,
  "ghost_proxy_f1_upperbound": 0.9899726526891522,
  "ghost_proxy_f1_retention": 0.6589982268973811,
  "encoder": "dct_lowfreq"
}