{
  "waveform_mse_mean": 0.000394420581869781,
  "waveform_mse_std": 0.00018224262748844922,
  "energy_abs_mean": 3.8757896423339844,
  "energy_rel_mean": 0.2555948495864868,
  "peak_loc_error_mean": 1.6057953516450347,
  "peak_loc_error_median": 1.0,
  "peak_count_mae": 0.3955,
  "peak_count_acc": 0.6515,
  "peak_recall": 0.874834961711117,
  "peak_precision": 0.8587350959046138,
  "ghost_recall": 0.7347509792949076,
  "compression_ratio": 5.46875,
  "T": 700,
  "K": 128,
  "ghost_proxy_precision": 0.8698689956331878,
  "ghost_proxy_recall": 0.8348700754400671,
  "ghost_proxy_f1": 0.852010265183918,
  "ghost_proxy_f1_upperbound": 0.9447147279964617,
  "ghost_proxy_f1_retention": 0.9018704164704301,
  "width_threshold": 17.089962005615234,
  "all_pos_err": 1.0097087378640777,
  "all_intensity_relerr": 0.13166831230044862,
  "all_fwhm_relerr": 0.1482059451544249,
  "all_recall": 0.8738069989395546,
  "all_n": 2829,
  "narrow_pos_err": 0.7423616845582164,
  "narrow_intensity_relerr": 0.14213401459006553,
  "narrow_fwhm_relerr": 0.17697144106644283,
  "narrow_recall": 0.8570417551309271,
  "narrow_n": 1413,
  "wide_pos_err": 1.2664551942902458,
  "wide_intensity_relerr": 0.12161758631097512,
  "wide_fwhm_relerr": 0.12058103195105162,
  "wide_recall": 0.8905367231638418,
  "wide_n": 1416,
  "all_precision": 0.8583333333333333,
  "encoder": "random_projection"
}