{
  "feature_mode": "ta",
  "K": 4,
  "checkpoint": "downstream/outputs/eventnet_sweep_v2_s43/ta_K4/best.pth",
  "frame_stride": 3,
  "n_frames": 485,
  "f1_mean": 0.5363467255686195,
  "object_f1": 0.7544375160212221,
  "glass_f1": 0.2821675011528337,
  "ghost_f1": 0.5724351595318028,
  "peak_per_class_f1": {
    "noise": 0.7922314465351256,
    "object": 0.7544375160212221,
    "glass": 0.2821675011528337,
    "ghost": 0.5724351595318028
  },
  "event_level_f1_mean": 0.5308580591216928,
  "event_per_class_f1": {
    "noise": 0.8305038400505809,
    "object": 0.7489953708495027,
    "glass": 0.2821316598934184,
    "ghost": 0.5614471466221574
  },
  "peak_confusion_matrix": [
    [
      41558390,
      14330085,
      852139,
      5222562
    ],
    [
      792404,
      52419872,
      5091659,
      3362407
    ],
    [
      170181,
      6023702,
      2419146,
      62182
    ],
    [
      430619,
      4524117,
      108724,
      9178065
    ]
  ],
  "event_confusion_matrix": [
    [
      53592745,
      14270825,
      872588,
      5603565
    ],
    [
      598081,
      48764178,
      4794868,
      3143142
    ],
    [
      158030,
      5638425,
      2284469,
      58392
    ],
    [
      372221,
      4238531,
      103106,
      8653666
    ]
  ]
}