{
  "feature_mode": "tdta",
  "K": 4,
  "checkpoint": "downstream/outputs/eventnet_sweep/tdta_K4/best.pth",
  "frame_stride": 3,
  "n_frames": 485,
  "f1_mean": 0.5288140676065362,
  "object_f1": 0.756128015020757,
  "glass_f1": 0.2651342114664291,
  "ghost_f1": 0.5651799763324226,
  "peak_per_class_f1": {
    "noise": 0.7991552339363885,
    "object": 0.756128015020757,
    "glass": 0.2651342114664291,
    "ghost": 0.5651799763324226
  },
  "event_level_f1_mean": 0.5239084454606165,
  "event_per_class_f1": {
    "noise": 0.8365116898239362,
    "object": 0.7507163305869147,
    "glass": 0.2656113506189647,
    "ghost": 0.5553976551759704
  },
  "peak_confusion_matrix": [
    [
      42391742,
      14373879,
      841586,
      4355969
    ],
    [
      871263,
      52935556,
      4548715,
      3310808
    ],
    [
      252292,
      6160770,
      2161563,
      100586
    ],
    [
      612910,
      4880897,
      78350,
      8669368
    ]
  ],
  "event_confusion_matrix": [
    [
      54483886,
      14292855,
      849135,
      4713847
    ],
    [
      668271,
      49233853,
      4284452,
      3113693
    ],
    [
      233124,
      5768084,
      2043865,
      94243
    ],
    [
      539490,
      4569937,
      73124,
      8184973
    ]
  ]
}