{
  "waveform_mse_mean": 0.005098782945424318,
  "waveform_mse_std": 0.0037666945718228817,
  "energy_abs_mean": 5.005115032196045,
  "energy_rel_mean": 0.34287282824516296,
  "peak_loc_error_mean": 1.6948710140514203,
  "peak_loc_error_median": 1.0,
  "peak_count_mae": 1.6460963839492297,
  "peak_count_acc": 0.17485291201163483,
  "peak_recall": 0.8309004705074372,
  "peak_precision": 0.44507334955435224,
  "ghost_recall": 0.49048442906574397,
  "compression_ratio": 5.46875,
  "T": 700,
  "K": 128,
  "width_threshold": 9.0,
  "all_pos_err": 1.8372983870967743,
  "all_intensity_relerr": 0.5149128857852586,
  "all_fwhm_relerr": 0.4113516680311862,
  "all_recall": 0.8623087621696801,
  "all_n": 5752,
  "narrow_pos_err": 1.9394561313494099,
  "narrow_intensity_relerr": 0.4763102165723335,
  "narrow_fwhm_relerr": 0.32350717095457987,
  "narrow_recall": 0.7786656012784658,
  "narrow_n": 2503,
  "wide_pos_err": 1.7711723679840585,
  "wide_intensity_relerr": 0.5399001333096661,
  "wide_fwhm_relerr": 0.46821281874600046,
  "wide_recall": 0.9267466912896276,
  "wide_n": 3249,
  "object_recall": 0.9574468085106383,
  "object_n": 3948,
  "glass_recall": 0.9459876543209876,
  "glass_n": 648,
  "ghost_n": 1156,
  "all_precision": 0.4478150957024196,
  "encoder": "spatial_separable",
  "K_perpixel": 8
}