{
  "waveform_mse_mean": 0.0004994848859496415,
  "waveform_mse_std": 0.00023444366524927318,
  "energy_abs_mean": 3.939455509185791,
  "energy_rel_mean": 0.26072758436203003,
  "peak_loc_error_mean": 1.7689519782543037,
  "peak_loc_error_median": 1.0,
  "peak_count_mae": 0.437,
  "peak_count_acc": 0.65,
  "peak_recall": 0.8743068391866913,
  "peak_precision": 0.8337950138504155,
  "ghost_recall": 0.7336317851147174,
  "compression_ratio": 21.875,
  "T": 700,
  "K": 32,
  "ghost_proxy_precision": 0.9131627056672761,
  "ghost_proxy_recall": 0.837384744341995,
  "ghost_proxy_f1": 0.8736335811106253,
  "ghost_proxy_f1_upperbound": 0.9447147279964617,
  "ghost_proxy_f1_retention": 0.9247591418029606,
  "width_threshold": 17.089962005615234,
  "all_pos_err": 1.1491935483870968,
  "all_intensity_relerr": 0.15687220424103787,
  "all_fwhm_relerr": 0.1895441456265114,
  "all_recall": 0.8766348533050548,
  "all_n": 2829,
  "narrow_pos_err": 0.9004149377593361,
  "narrow_intensity_relerr": 0.15906239328127816,
  "narrow_fwhm_relerr": 0.22541326212740925,
  "narrow_recall": 0.8527954706298655,
  "narrow_n": 1413,
  "wide_pos_err": 1.384313725490196,
  "wide_intensity_relerr": 0.15480226087359503,
  "wide_fwhm_relerr": 0.15564431395311376,
  "wide_recall": 0.9004237288135594,
  "wide_n": 1416,
  "all_precision": 0.8330534094726234,
  "encoder": "learnable_linear"
}