{
  "waveform_mse_mean": 0.00040237593930214643,
  "waveform_mse_std": 0.00019910397531930357,
  "energy_abs_mean": 3.633220911026001,
  "energy_rel_mean": 0.23733831942081451,
  "peak_loc_error_mean": 1.6851285189718481,
  "peak_loc_error_median": 1.0,
  "peak_count_mae": 0.6795,
  "peak_count_acc": 0.51,
  "peak_recall": 0.8629522049115395,
  "peak_precision": 0.7132256656481886,
  "ghost_recall": 0.7095691102406267,
  "compression_ratio": 10.9375,
  "T": 700,
  "K": 64,
  "ghost_proxy_precision": 0.7669826224328594,
  "ghost_proxy_recall": 0.8139145012573344,
  "ghost_proxy_f1": 0.7897519316795445,
  "ghost_proxy_f1_upperbound": 0.9447147279964617,
  "ghost_proxy_f1_retention": 0.835968687981016,
  "width_threshold": 17.089962005615234,
  "all_pos_err": 1.2040485829959515,
  "all_intensity_relerr": 0.1614982375945652,
  "all_fwhm_relerr": 0.17232602335637856,
  "all_recall": 0.8731000353481796,
  "all_n": 2829,
  "narrow_pos_err": 1.0172413793103448,
  "narrow_intensity_relerr": 0.1660403326108838,
  "narrow_fwhm_relerr": 0.19608920137597494,
  "narrow_recall": 0.861995753715499,
  "narrow_n": 1413,
  "wide_pos_err": 1.3857827476038338,
  "wide_intensity_relerr": 0.1570794902064852,
  "wide_fwhm_relerr": 0.14920817125744212,
  "wide_recall": 0.884180790960452,
  "wide_n": 1416,
  "all_precision": 0.7211678832116788,
  "encoder": "random_projection"
}