{
  "waveform_mse_mean": 0.0019174990011379123,
  "waveform_mse_std": 0.001553654088638723,
  "energy_abs_mean": 1.9210752248764038,
  "energy_rel_mean": 0.14488907158374786,
  "peak_loc_error_mean": 1.0696517412935322,
  "peak_loc_error_median": 1.0,
  "peak_count_mae": 0.885,
  "peak_count_acc": 0.3915,
  "peak_recall": 0.9810051444400475,
  "peak_precision": 0.6780016409882396,
  "ghost_recall": 0.9635910224438903,
  "compression_ratio": 5.46875,
  "T": 700,
  "K": 128,
  "width_threshold": 7.0,
  "all_pos_err": 1.0767258743819814,
  "all_intensity_relerr": 0.29070815819048745,
  "all_fwhm_relerr": 0.3171367387656634,
  "all_recall": 0.9836095100864554,
  "all_n": 5552,
  "narrow_pos_err": 1.0988700564971752,
  "narrow_intensity_relerr": 0.29058764093184414,
  "narrow_fwhm_relerr": 0.40835216572504707,
  "narrow_recall": 0.97736057426836,
  "narrow_n": 1811,
  "wide_pos_err": 1.0661067461392577,
  "wide_intensity_relerr": 0.29076595161985574,
  "wide_fwhm_relerr": 0.2733948515486194,
  "wide_recall": 0.9866345896819032,
  "wide_n": 3741,
  "object_recall": 0.9980436909031627,
  "object_n": 3067,
  "glass_recall": 0.975,
  "glass_n": 480,
  "ghost_n": 2005,
  "all_precision": 0.6703903756444881,
  "encoder": "dct_lowfreq"
}