{
  "feature_mode": "taw",
  "K": 4,
  "checkpoint": "downstream/outputs/eventnet_v2sa/v2sa_s43/best.pth",
  "frame_stride": 3,
  "n_frames": 485,
  "f1_mean": 0.5292390680027476,
  "object_f1": 0.7469905483844154,
  "glass_f1": 0.24665855119519084,
  "ghost_f1": 0.5940681044286367,
  "peak_per_class_f1": {
    "noise": 0.7736037661899215,
    "object": 0.7469905483844154,
    "glass": 0.24665855119519084,
    "ghost": 0.5940681044286367
  },
  "event_level_f1_mean": 0.5165065198762292,
  "event_per_class_f1": {
    "noise": 0.8037292993341411,
    "object": 0.740837347260084,
    "glass": 0.247042720559444,
    "ghost": 0.5616394918091597
  },
  "peak_confusion_matrix": [
    [
      39897619,
      15593838,
      839538,
      5632181
    ],
    [
      802915,
      52219624,
      5276600,
      3367203
    ],
    [
      71821,
      6446529,
      2094323,
      62538
    ],
    [
      411896,
      3887013,
      95884,
      9846732
    ]
  ],
  "event_confusion_matrix": [
    [
      50633123,
      15610494,
      879152,
      7216954
    ],
    [
      602572,
      48582040,
      4962911,
      3152746
    ],
    [
      66322,
      6031004,
      1983287,
      58703
    ],
    [
      353724,
      3630596,
      91561,
      9291643
    ]
  ]
}