{
  "waveform_mse_mean": 0.000487838959088549,
  "waveform_mse_std": 0.00026707976940087974,
  "energy_abs_mean": 3.9863312244415283,
  "energy_rel_mean": 0.2701379954814911,
  "peak_loc_error_mean": 1.6964129483814523,
  "peak_loc_error_median": 1.0,
  "peak_count_mae": 0.2595,
  "peak_count_acc": 0.7725,
  "peak_recall": 0.9054660681278056,
  "peak_precision": 0.9373974849644614,
  "ghost_recall": 0.799664241745943,
  "compression_ratio": 21.875,
  "T": 700,
  "K": 32,
  "ghost_proxy_precision": 0.9933837429111532,
  "ghost_proxy_recall": 0.8809723386420788,
  "ghost_proxy_f1": 0.9338071968014218,
  "ghost_proxy_f1_upperbound": 0.9447147279964617,
  "ghost_proxy_f1_retention": 0.988454153543078,
  "width_threshold": 17.089962005615234,
  "all_pos_err": 0.9941360437842064,
  "all_intensity_relerr": 0.15824395642846462,
  "all_fwhm_relerr": 0.1814011447014967,
  "all_recall": 0.9042064333686816,
  "all_n": 2829,
  "narrow_pos_err": 0.9185483870967742,
  "narrow_intensity_relerr": 0.17346204185884148,
  "narrow_fwhm_relerr": 0.2395900905050329,
  "narrow_recall": 0.8775654635527247,
  "narrow_n": 1413,
  "wide_pos_err": 1.0652503793626706,
  "wide_intensity_relerr": 0.1439264860690813,
  "wide_fwhm_relerr": 0.1266558542641789,
  "wide_recall": 0.9307909604519774,
  "wide_n": 1416,
  "all_precision": 0.9308588064046579,
  "encoder": "dct_lowfreq"
}