{
  "feature_mode": "taw",
  "K": 4,
  "checkpoint": "downstream/outputs/sparse_event_topm/taw_k4_g_dp_s42/best.pth",
  "frame_stride": 3,
  "n_frames": 485,
  "f1_mean": 0.5447516716634628,
  "object_f1": 0.7527866695526003,
  "glass_f1": 0.2694782043204482,
  "ghost_f1": 0.6119901411173401,
  "peak_per_class_f1": {
    "noise": 0.7933076089255368,
    "object": 0.7527866695526003,
    "glass": 0.2694782043204482,
    "ghost": 0.6119901411173401
  },
  "event_level_f1_mean": 0.5410485568936346,
  "event_per_class_f1": {
    "noise": 0.8339758581010208,
    "object": 0.7480006949316803,
    "glass": 0.26945189522048474,
    "ghost": 0.6056930805287387
  },
  "peak_confusion_matrix": [
    [
      41433249,
      14051251,
      1328166,
      5150510
    ],
    [
      698555,
      51630284,
      5833227,
      3504276
    ],
    [
      69323,
      6052198,
      2473441,
      80249
    ],
    [
      292653,
      3771015,
      47217,
      10130640
    ]
  ],
  "event_confusion_matrix": [
    [
      53717224,
      13993662,
      1333692,
      5295145
    ],
    [
      472498,
      48092024,
      5468254,
      3267493
    ],
    [
      60404,
      5670601,
      2333349,
      74962
    ],
    [
      232163,
      3531624,
      44614,
      9559123
    ]
  ]
}