{
  "feature_mode": "taw",
  "K": 4,
  "checkpoint": "downstream/outputs/eventnet_vrex/vrex_b1_s43/best.pth",
  "frame_stride": 3,
  "n_frames": 485,
  "f1_mean": 0.530890430924844,
  "object_f1": 0.7361193692735334,
  "glass_f1": 0.26572389421613196,
  "ghost_f1": 0.5908280292848666,
  "peak_per_class_f1": {
    "noise": 0.7897918500698543,
    "object": 0.7361193692735334,
    "glass": 0.26572389421613196,
    "ghost": 0.5908280292848666
  },
  "event_level_f1_mean": 0.5253128172337896,
  "event_per_class_f1": {
    "noise": 0.8290019087834514,
    "object": 0.7303620398928469,
    "glass": 0.2650435845875563,
    "ghost": 0.5805328272209658
  },
  "peak_confusion_matrix": [
    [
      41310567,
      14328312,
      1102353,
      5221944
    ],
    [
      834968,
      49883457,
      6282352,
      4665565
    ],
    [
      119613,
      6022133,
      2473905,
      59560
    ],
    [
      382953,
      3630647,
      86296,
      10141629
    ]
  ],
  "event_confusion_matrix": [
    [
      53386353,
      14238191,
      1122495,
      5592684
    ],
    [
      634158,
      46344142,
      5918920,
      4403049
    ],
    [
      110741,
      5641559,
      2331460,
      55556
    ],
    [
      325720,
      3383152,
      80840,
      9577812
    ]
  ]
}