{
  "feature_mode": "tdtaw",
  "K": 4,
  "checkpoint": "downstream/outputs/eventnet_sweep_v2_s43/tdtaw_K4/best.pth",
  "frame_stride": 3,
  "n_frames": 485,
  "f1_mean": 0.5419684214406159,
  "object_f1": 0.7579540748647078,
  "glass_f1": 0.27886359096054775,
  "ghost_f1": 0.5890875984965921,
  "peak_per_class_f1": {
    "noise": 0.7991838985030407,
    "object": 0.7579540748647078,
    "glass": 0.27886359096054775,
    "ghost": 0.5890875984965921
  },
  "event_level_f1_mean": 0.5371663740847008,
  "event_per_class_f1": {
    "noise": 0.8376723896923685,
    "object": 0.7529276645996551,
    "glass": 0.27841789096664454,
    "ghost": 0.5801535666878028
  },
  "peak_confusion_matrix": [
    [
      42221040,
      14914084,
      763119,
      4064933
    ],
    [
      829191,
      53487205,
      4694965,
      2654981
    ],
    [
      166657,
      6159912,
      2303232,
      45410
    ],
    [
      480323,
      4908198,
      82173,
      8770831
    ]
  ],
  "event_confusion_matrix": [
    [
      54442850,
      14756047,
      776591,
      4364235
    ],
    [
      632678,
      49761670,
      4406559,
      2499362
    ],
    [
      154953,
      5774454,
      2167216,
      42693
    ],
    [
      415816,
      4589368,
      78398,
      8283942
    ]
  ]
}