{
  "feature_mode": "t_only",
  "K": 4,
  "checkpoint": "downstream/outputs/eventnet_sweep/t_only_K4/best.pth",
  "frame_stride": 3,
  "n_frames": 485,
  "f1_mean": 0.49996776739083365,
  "object_f1": 0.7202099986863031,
  "glass_f1": 0.26544295968121634,
  "ghost_f1": 0.5142503438049816,
  "peak_per_class_f1": {
    "noise": 0.7798444966307184,
    "object": 0.7202099986863031,
    "glass": 0.26544295968121634,
    "ghost": 0.5142503438049816
  },
  "event_level_f1_mean": 0.47347391729739147,
  "event_per_class_f1": {
    "noise": 0.76497919815863,
    "object": 0.7004921507365272,
    "glass": 0.2604306066496181,
    "ghost": 0.45949899450602916
  },
  "peak_confusion_matrix": [
    [
      40963065,
      14743609,
      1318692,
      4937810
    ],
    [
      1239523,
      48855648,
      5737953,
      5833218
    ],
    [
      333850,
      5754454,
      2458654,
      128253
    ],
    [
      554830,
      4650510,
      334404,
      8701781
    ]
  ],
  "event_confusion_matrix": [
    [
      47321635,
      16833302,
      1700397,
      8484389
    ],
    [
      1205045,
      45188259,
      5413514,
      5493451
    ],
    [
      335313,
      5352613,
      2330322,
      121068
    ],
    [
      518341,
      4344159,
      312366,
      8192658
    ]
  ]
}