{
  "waveform_mse_mean": 0.001471476862207055,
  "waveform_mse_std": 0.001586472149938345,
  "energy_abs_mean": 1.4457460641860962,
  "energy_rel_mean": 0.1088610514998436,
  "peak_loc_error_mean": 1.138655462184874,
  "peak_loc_error_median": 1.0,
  "peak_count_mae": 1.4645,
  "peak_count_acc": 0.278,
  "peak_recall": 0.9732225300092336,
  "peak_precision": 0.553197870585589,
  "ghost_recall": 0.9466334164588529,
  "compression_ratio": 43.75,
  "T": 700,
  "K": 16,
  "width_threshold": 7.0,
  "all_pos_err": 1.1279542097488922,
  "all_intensity_relerr": 0.22491084262403468,
  "all_fwhm_relerr": 0.29705369864131487,
  "all_recall": 0.9755043227665706,
  "all_n": 5552,
  "narrow_pos_err": 1.2165714285714286,
  "narrow_intensity_relerr": 0.2749382449724512,
  "narrow_fwhm_relerr": 0.5020095238095238,
  "narrow_recall": 0.9663169519602429,
  "narrow_n": 1811,
  "wide_pos_err": 1.0856519367157664,
  "wide_intensity_relerr": 0.20102978585651454,
  "wide_fwhm_relerr": 0.199216084335705,
  "wide_recall": 0.9799518845228549,
  "wide_n": 3741,
  "object_recall": 0.9954352787740463,
  "object_n": 3067,
  "glass_recall": 0.96875,
  "glass_n": 480,
  "ghost_n": 2005,
  "all_precision": 0.546408393866021,
  "encoder": "learnable_linear"
}