{
  "waveform_mse_mean": 0.0010044540977105498,
  "waveform_mse_std": 0.0014026900753378868,
  "energy_abs_mean": 1.1829172372817993,
  "energy_rel_mean": 0.09267483651638031,
  "peak_loc_error_mean": 0.9904978586723768,
  "peak_loc_error_median": 1.0,
  "peak_count_mae": 0.96875,
  "peak_count_acc": 0.38525,
  "peak_recall": 0.9856219496108692,
  "peak_precision": 0.6585580821434867,
  "ghost_recall": 0.97356608478803,
  "compression_ratio": 5.46875,
  "T": 700,
  "K": 128,
  "width_threshold": 7.0,
  "all_pos_err": 0.8243021346469622,
  "all_intensity_relerr": 0.18567348118201882,
  "all_fwhm_relerr": 0.2164574977580912,
  "all_recall": 0.9872118155619597,
  "all_n": 5552,
  "narrow_pos_err": 0.949076664801343,
  "narrow_intensity_relerr": 0.23528591090688766,
  "narrow_fwhm_relerr": 0.3556332773736243,
  "narrow_recall": 0.9867476532302595,
  "narrow_n": 1811,
  "wide_pos_err": 0.7639415268002165,
  "wide_intensity_relerr": 0.16167309896265208,
  "wide_fwhm_relerr": 0.1491301782743452,
  "wide_recall": 0.987436514300989,
  "wide_n": 3741,
  "object_recall": 0.9983697424193022,
  "object_n": 3067,
  "glass_recall": 0.9729166666666667,
  "glass_n": 480,
  "ghost_n": 2005,
  "all_precision": 0.6507182713997388,
  "encoder": "random_projection"
}