{
  "feature_mode": "tdta",
  "K": 4,
  "checkpoint": "downstream/outputs/eventnet_sweep_v2/tdta_K4/best.pth",
  "frame_stride": 3,
  "n_frames": 485,
  "f1_mean": 0.5360833476586865,
  "object_f1": 0.7564054360971991,
  "glass_f1": 0.2610460462714857,
  "ghost_f1": 0.5907985606073748,
  "peak_per_class_f1": {
    "noise": 0.7946463058767906,
    "object": 0.7564054360971991,
    "glass": 0.2610460462714857,
    "ghost": 0.5907985606073748
  },
  "event_level_f1_mean": 0.5305145274143277,
  "event_per_class_f1": {
    "noise": 0.8329450707550194,
    "object": 0.7511623903513475,
    "glass": 0.26139424691934426,
    "ghost": 0.5789869449722913
  },
  "peak_confusion_matrix": [
    [
      41709559,
      15001884,
      843869,
      4407864
    ],
    [
      792917,
      53441454,
      5055822,
      2376149
    ],
    [
      126427,
      6289352,
      2205190,
      54242
    ],
    [
      384333,
      4904696,
      114935,
      8837561
    ]
  ],
  "event_confusion_matrix": [
    [
      53803934,
      14893817,
      842113,
      4799859
    ],
    [
      600227,
      49734549,
      4736028,
      2229465
    ],
    [
      116713,
      5893456,
      2078798,
      50349
    ],
    [
      329036,
      4598141,
      109206,
      8331141
    ]
  ]
}