{
  "waveform_mse_mean": 0.00356486183591187,
  "waveform_mse_std": 0.003109903307631612,
  "energy_abs_mean": 4.018649101257324,
  "energy_rel_mean": 0.2693881094455719,
  "peak_loc_error_mean": 1.9448874964397607,
  "peak_loc_error_median": 2.0,
  "peak_count_mae": 1.07925,
  "peak_count_acc": 0.29725,
  "peak_recall": 0.8533236116174505,
  "peak_precision": 0.5820623342175066,
  "ghost_recall": 0.612597547380156,
  "compression_ratio": 10.9375,
  "T": 700,
  "K": 64,
  "width_threshold": 9.0,
  "all_pos_err": 1.7996930161166538,
  "all_intensity_relerr": 0.36930640513658364,
  "all_fwhm_relerr": 0.3504686729704045,
  "all_recall": 0.8565324568611339,
  "all_n": 6085,
  "narrow_pos_err": 2.2664670658682633,
  "narrow_intensity_relerr": 0.37557542156999335,
  "narrow_fwhm_relerr": 0.34373930710008554,
  "narrow_recall": 0.7645936665394888,
  "narrow_n": 2621,
  "wide_pos_err": 1.5081047381546135,
  "wide_intensity_relerr": 0.3653902240478825,
  "wide_fwhm_relerr": 0.35467242895672596,
  "wide_recall": 0.9260969976905312,
  "wide_n": 3464,
  "object_recall": 0.9599367422245652,
  "object_n": 3794,
  "glass_recall": 0.9476861167002012,
  "glass_n": 497,
  "ghost_n": 1794,
  "all_precision": 0.5913990695563373,
  "encoder": "dct_lowfreq"
}