{
  "waveform_mse_mean": 0.004768236540257931,
  "waveform_mse_std": 0.003172558033838868,
  "energy_abs_mean": 5.056741237640381,
  "energy_rel_mean": 0.34394019842147827,
  "peak_loc_error_mean": 1.4069885457445266,
  "peak_loc_error_median": 1.0,
  "peak_count_mae": 1.0415,
  "peak_count_acc": 0.3235,
  "peak_recall": 0.8381334305504922,
  "peak_precision": 0.5756614639846424,
  "ghost_recall": 0.5791527313266444,
  "compression_ratio": 10.9375,
  "T": 700,
  "K": 64,
  "width_threshold": 9.0,
  "all_pos_err": 1.3441358024691359,
  "all_intensity_relerr": 0.5033502025203261,
  "all_fwhm_relerr": 0.4719040620698616,
  "all_recall": 0.8519309778142975,
  "all_n": 6085,
  "narrow_pos_err": 1.3048902195608783,
  "narrow_intensity_relerr": 0.39342679001721287,
  "narrow_fwhm_relerr": 0.3743388223552894,
  "narrow_recall": 0.7645936665394888,
  "narrow_n": 2621,
  "wide_pos_err": 1.368867924528302,
  "wide_intensity_relerr": 0.5726226926637976,
  "wide_fwhm_relerr": 0.5333885716258372,
  "wide_recall": 0.918013856812933,
  "wide_n": 3464,
  "object_recall": 0.9623089088033737,
  "object_n": 3794,
  "glass_recall": 0.993963782696177,
  "glass_n": 497,
  "ghost_n": 1794,
  "all_precision": 0.5888901510848574,
  "encoder": "random_projection"
}