{
  "compress": "ae",
  "ae_ckpt": "runs/real_split2_1d_ah/learnable_linear_K16/checkpoint.pt",
  "ae_meta": {
    "T": 700,
    "K": 16,
    "encoder_name": "learnable_linear"
  },
  "macro_f1": 0.5752955144495782,
  "per_class_f1": {
    "object": 0.7610232359972565,
    "glass": 0.29958028034845874,
    "ghost": 0.6652830270030192
  },
  "per_class_precision": {
    "object": 0.8554129437543213,
    "glass": 0.2220529520509158,
    "ghost": 0.816800909295339
  },
  "per_class_recall": {
    "object": 0.6853940926927902,
    "glass": 0.4602829858124985,
    "ghost": 0.5611827283697087
  },
  "macro_iou": 0.42962016422163946,
  "confusion_matrix": [
    [
      0,
      0,
      0,
      0
    ],
    [
      14808949,
      106081955,
      30004162,
      3880057
    ],
    [
      1244218,
      9055169,
      8865755,
      96389
    ],
    [
      3931489,
      8875443,
      1056393,
      17729153
    ]
  ],
  "checkpoint": "/data3/user/yoshida/fwl_mae/neurips2026/checkpoints/paper/pruning0.7merging0.9-vit3d-neurips-refactered/vit3d_lr0.0001_timm-cosine_epoch50_div3_aug-only-cutmix0.2_0.8/0512/vit3d_ordered_pruning_light_finetune_epoch_50_20260512_150711_0.02485.pth"
}