{
  "compress": "ae",
  "ae_ckpt": "runs/real_split2_1d_ah/learnable_linear_K16/checkpoint.pt",
  "ae_meta": {
    "T": 700,
    "K": 16,
    "encoder_name": "learnable_linear"
  },
  "macro_f1": 0.4185693376526245,
  "macro_f1_4class": 0.5607261910744639,
  "ignore_visualize_labels": [],
  "per_class_f1": {
    "object": 0.6208392260675955,
    "glass": 0.22897399337169433,
    "ghost": 0.40589479351858376
  },
  "per_class_precision": {
    "object": 0.6531075366732603,
    "glass": 0.16930457185414693,
    "ghost": 0.39674025599860335
  },
  "per_class_recall": {
    "object": 0.5916093763982988,
    "glass": 0.35359411461113865,
    "ghost": 0.4154817801883094
  },
  "confusion_matrix": [
    [
      4519809737,
      34785958,
      10257459,
      17517714
    ],
    [
      38272239,
      91566414,
      22542485,
      2393985
    ],
    [
      5283829,
      7119868,
      6810764,
      47070
    ],
    [
      11120318,
      6728889,
      617172,
      13126099
    ]
  ],
  "checkpoint": "/data3/user/yoshida/fwl_mae/neurips2026/checkpoints/paper/pruning0.7merging0.9-vit3d-neurips-refactered/vit3d_lr0.0001_timm-cosine_epoch50_div3_aug-only-cutmix0.2_0.8/0512/vit3d_ordered_pruning_light_finetune_epoch_50_20260512_150711_0.02485.pth"
}