{
  "compress": "ae",
  "ae_ckpt": "runs/real_split2_1d_ah/learnable_linear_K64/checkpoint.pt",
  "ae_meta": {
    "T": 700,
    "K": 64,
    "encoder_name": "learnable_linear"
  },
  "macro_f1": 0.4651504248177131,
  "macro_f1_4class": 0.5955267823921195,
  "ignore_visualize_labels": [],
  "per_class_f1": {
    "object": 0.6131146514785748,
    "glass": 0.27887861134409814,
    "ghost": 0.5034580116304663
  },
  "per_class_precision": {
    "object": 0.6518647033735223,
    "glass": 0.20902331118953107,
    "ghost": 0.4244000010161277
  },
  "per_class_recall": {
    "object": 0.5787130920257773,
    "glass": 0.41886156401586144,
    "ghost": 0.6187130050387311
  },
  "confusion_matrix": [
    [
      4513116366,
      36755769,
      10908473,
      21590260
    ],
    [
      41067278,
      89570390,
      19310047,
      4827408
    ],
    [
      4799390,
      6301368,
      8067915,
      92858
    ],
    [
      6955192,
      4778885,
      311724,
      19546677
    ]
  ],
  "checkpoint": "/data3/user/yoshida/fwl_mae/neurips2026/checkpoints/paper/pruning0.7merging0.9-vit3d-neurips-refactered/vit3d_lr0.0001_timm-cosine_epoch50_div3_aug-only-cutmix0.2_0.8/0512/vit3d_ordered_pruning_light_finetune_epoch_50_20260512_150711_0.02485.pth"
}