{
  "compress": "ae",
  "ae_ckpt": "runs/real_split2_1d_ah/learnable_linear_K32/checkpoint.pt",
  "ae_meta": {
    "T": 700,
    "K": 32,
    "encoder_name": "learnable_linear"
  },
  "macro_f1": 0.41581318811924745,
  "macro_f1_4class": 0.5585395753465058,
  "ignore_visualize_labels": [],
  "per_class_f1": {
    "object": 0.627968795734649,
    "glass": 0.21905712775556177,
    "ghost": 0.40041364086753145
  },
  "per_class_precision": {
    "object": 0.6469136614418523,
    "glass": 0.16773570752823264,
    "ghost": 0.35617180134272275
  },
  "per_class_recall": {
    "object": 0.6101019606361417,
    "glass": 0.31562880437697294,
    "ghost": 0.4572053512231614
  },
  "confusion_matrix": [
    [
      4513056308,
      39571881,
      7646911,
      22095768
    ],
    [
      35624497,
      94428606,
      21122257,
      3599763
    ],
    [
      6584990,
      6182663,
      6079494,
      414384
    ],
    [
      9967692,
      5784715,
      1395821,
      14444250
    ]
  ],
  "checkpoint": "/data3/user/yoshida/fwl_mae/neurips2026/checkpoints/paper/pruning0.7merging0.9-vit3d-neurips-refactered/vit3d_lr0.0001_timm-cosine_epoch50_div3_aug-only-cutmix0.2_0.8/0512/vit3d_ordered_pruning_light_finetune_epoch_50_20260512_150711_0.02485.pth"
}