{
  "compress": "ae",
  "ae_ckpt": "runs/real_split2_1d_ah/learnable_linear_K8/checkpoint.pt",
  "ae_meta": {
    "T": 700,
    "K": 8,
    "encoder_name": "learnable_linear"
  },
  "macro_f1": 0.3976323844998026,
  "macro_f1_4class": 0.5448670516228165,
  "ignore_visualize_labels": [],
  "per_class_f1": {
    "object": 0.6285119290674183,
    "glass": 0.2640958754044647,
    "ghost": 0.3002893490275247
  },
  "per_class_precision": {
    "object": 0.6536930293415006,
    "glass": 0.19966212120889895,
    "ghost": 0.2927691331601854
  },
  "per_class_recall": {
    "object": 0.6051988858700503,
    "glass": 0.38993255520550263,
    "ghost": 0.30820608627154855
  },
  "confusion_matrix": [
    [
      4516622128,
      36220919,
      8834946,
      20692875
    ],
    [
      37704197,
      93669732,
      20607564,
      2793630
    ],
    [
      5359012,
      6357053,
      7510698,
      34768
    ],
    [
      14146208,
      7045444,
      663832,
      9736994
    ]
  ],
  "checkpoint": "/data3/user/yoshida/fwl_mae/neurips2026/checkpoints/paper/pruning0.7merging0.9-vit3d-neurips-refactered/vit3d_lr0.0001_timm-cosine_epoch50_div3_aug-only-cutmix0.2_0.8/0512/vit3d_ordered_pruning_light_finetune_epoch_50_20260512_150711_0.02485.pth"
}