{
  "compress": "ae",
  "ae_ckpt": "runs/real_split2_1d_ah/learnable_linear_K32/checkpoint.pt",
  "ae_meta": {
    "T": 700,
    "K": 32,
    "encoder_name": "learnable_linear"
  },
  "macro_f1": 0.4158128018506746,
  "macro_f1_4class": 0.5585392854322472,
  "ignore_visualize_labels": [],
  "per_class_f1": {
    "object": 0.6279677859390538,
    "glass": 0.21905797788536474,
    "ghost": 0.4004126417276053
  },
  "per_class_precision": {
    "object": 0.646913820906196,
    "glass": 0.16773586867165563,
    "ghost": 0.35617012420609667
  },
  "per_class_recall": {
    "object": 0.6100999125033808,
    "glass": 0.31563176364329504,
    "ghost": 0.4572055094886827
  },
  "confusion_matrix": [
    [
      4513056312,
      39571707,
      7646961,
      22095888
    ],
    [
      35624540,
      94428289,
      21122452,
      3599842
    ],
    [
      6584953,
      6182642,
      6079551,
      414385
    ],
    [
      9967698,
      5784701,
      1395824,
      14444255
    ]
  ],
  "checkpoint": "/data3/user/yoshida/fwl_mae/neurips2026/checkpoints/paper/pruning0.7merging0.9-vit3d-neurips-refactered/vit3d_lr0.0001_timm-cosine_epoch50_div3_aug-only-cutmix0.2_0.8/0512/vit3d_ordered_pruning_light_finetune_epoch_50_20260512_150711_0.02485.pth"
}