{
  "compress": "ae",
  "ae_ckpt": "runs/real_split2_1d_ah/learnable_linear_K64/checkpoint.pt",
  "ae_meta": {
    "T": 700,
    "K": 64,
    "encoder_name": "learnable_linear"
  },
  "macro_f1": 0.46515064425526137,
  "macro_f1_4class": 0.5955269470023266,
  "ignore_visualize_labels": [],
  "per_class_f1": {
    "object": 0.6131149391730438,
    "glass": 0.2788787618723288,
    "ghost": 0.5034582317204114
  },
  "per_class_precision": {
    "object": 0.6518649439118711,
    "glass": 0.20902331224021956,
    "ghost": 0.42440028402088126
  },
  "per_class_recall": {
    "object": 0.5787134150751087,
    "glass": 0.4188622389362507,
    "ghost": 0.6187130683449396
  },
  "confusion_matrix": [
    [
      4513116336,
      36755756,
      10908492,
      21590284
    ],
    [
      41067252,
      89570440,
      19310077,
      4827354
    ],
    [
      4799385,
      6301358,
      8067928,
      92860
    ],
    [
      6955191,
      4778884,
      311724,
      19546679
    ]
  ],
  "checkpoint": "/data3/user/yoshida/fwl_mae/neurips2026/checkpoints/paper/pruning0.7merging0.9-vit3d-neurips-refactered/vit3d_lr0.0001_timm-cosine_epoch50_div3_aug-only-cutmix0.2_0.8/0512/vit3d_ordered_pruning_light_finetune_epoch_50_20260512_150711_0.02485.pth"
}