{
  "compress": "ae",
  "ae_ckpt": "runs/real_split2_1d_ah/learnable_linear_K8/checkpoint.pt",
  "ae_meta": {
    "T": 700,
    "K": 8,
    "encoder_name": "learnable_linear"
  },
  "macro_f1": 0.3976323689997221,
  "macro_f1_4class": 0.5448670394533406,
  "ignore_visualize_labels": [],
  "per_class_f1": {
    "object": 0.6285118744248926,
    "glass": 0.2640960916501853,
    "ghost": 0.30028914092408826
  },
  "per_class_precision": {
    "object": 0.65369303173049,
    "glass": 0.19966235479537564,
    "ghost": 0.2927689945941837
  },
  "per_class_recall": {
    "object": 0.6051987824942643,
    "glass": 0.38993260712245564,
    "ghost": 0.3082058013936102
  },
  "confusion_matrix": [
    [
      4516622157,
      36220910,
      8834934,
      20692867
    ],
    [
      37704236,
      93669716,
      20607539,
      2793632
    ],
    [
      5359012,
      6357052,
      7510699,
      34768
    ],
    [
      14146219,
      7045445,
      663829,
      9736985
    ]
  ],
  "checkpoint": "/data3/user/yoshida/fwl_mae/neurips2026/checkpoints/paper/pruning0.7merging0.9-vit3d-neurips-refactered/vit3d_lr0.0001_timm-cosine_epoch50_div3_aug-only-cutmix0.2_0.8/0512/vit3d_ordered_pruning_light_finetune_epoch_50_20260512_150711_0.02485.pth"
}