{
  "compress": "ae",
  "ae_ckpt": "runs/real_split2_1d_ah/learnable_linear_K128/checkpoint.pt",
  "ae_meta": {
    "T": 700,
    "K": 128,
    "encoder_name": "learnable_linear"
  },
  "macro_f1": 0.3915452796060273,
  "macro_f1_4class": 0.5399833287000542,
  "ignore_visualize_labels": [],
  "per_class_f1": {
    "object": 0.609562565762158,
    "glass": 0.17723630662646658,
    "ghost": 0.3878369664294575
  },
  "per_class_precision": {
    "object": 0.6382370384187616,
    "glass": 0.12501316634835732,
    "ghost": 0.34969783507078234
  },
  "per_class_recall": {
    "object": 0.5833538636567583,
    "glass": 0.3043943391623438,
    "ghost": 0.43531362117273614
  },
  "confusion_matrix": [
    [
      4504128816,
      37493923,
      20928972,
      19819157
    ],
    [
      39709328,
      90288666,
      19107377,
      5669752
    ],
    [
      6033116,
      7279661,
      5863101,
      85653
    ],
    [
      10435948,
      6403476,
      1000418,
      13752636
    ]
  ],
  "checkpoint": "/data3/user/yoshida/fwl_mae/neurips2026/checkpoints/paper/pruning0.7merging0.9-vit3d-neurips-refactered/vit3d_lr0.0001_timm-cosine_epoch50_div3_aug-only-cutmix0.2_0.8/0512/vit3d_ordered_pruning_light_finetune_epoch_50_20260512_150711_0.02485.pth"
}