{
  "compress": "ae",
  "ae_ckpt": "runs/real_split2_1d_ah/learnable_linear_K128/checkpoint.pt",
  "ae_meta": {
    "T": 700,
    "K": 128,
    "encoder_name": "learnable_linear"
  },
  "macro_f1": 0.39154517121929217,
  "macro_f1_4class": 0.539983246646775,
  "ignore_visualize_labels": [],
  "per_class_f1": {
    "object": 0.6095624239183309,
    "glass": 0.17723614400374163,
    "ghost": 0.3878369457358041
  },
  "per_class_precision": {
    "object": 0.6382368356880506,
    "glass": 0.12501305707494528,
    "ghost": 0.34969790355656355
  },
  "per_class_recall": {
    "object": 0.5833537732029456,
    "glass": 0.30439402766062573,
    "ghost": 0.4353134629072148
  },
  "confusion_matrix": [
    [
      4504128805,
      37493946,
      20928957,
      19819160
    ],
    [
      39709347,
      90288652,
      19107392,
      5669732
    ],
    [
      6033108,
      7279675,
      5863095,
      85653
    ],
    [
      10435954,
      6403476,
      1000417,
      13752631
    ]
  ],
  "checkpoint": "/data3/user/yoshida/fwl_mae/neurips2026/checkpoints/paper/pruning0.7merging0.9-vit3d-neurips-refactered/vit3d_lr0.0001_timm-cosine_epoch50_div3_aug-only-cutmix0.2_0.8/0512/vit3d_ordered_pruning_light_finetune_epoch_50_20260512_150711_0.02485.pth"
}