{
  "compress": "ae",
  "ae_ckpt": "runs/real_split2_1d_ah/learnable_linear_K16/checkpoint.pt",
  "ae_meta": {
    "T": 700,
    "K": 16,
    "encoder_name": "learnable_linear"
  },
  "macro_f1": 0.4185686805095747,
  "macro_f1_4class": 0.5607256982687633,
  "ignore_visualize_labels": [],
  "per_class_f1": {
    "object": 0.6208381265677501,
    "glass": 0.22897377790315543,
    "ghost": 0.4058941370578185
  },
  "per_class_precision": {
    "object": 0.6531078196988399,
    "glass": 0.16930415771655147,
    "ghost": 0.3967399540756015
  },
  "per_class_recall": {
    "object": 0.5916071473579123,
    "glass": 0.3535948933654339,
    "ghost": 0.4154807356358688
  },
  "confusion_matrix": [
    [
      4519809965,
      34785777,
      10257479,
      17517647
    ],
    [
      38272405,
      91566069,
      22542634,
      2394015
    ],
    [
      5283863,
      7119807,
      6810779,
      47082
    ],
    [
      11120350,
      6728887,
      617175,
      13126066
    ]
  ],
  "checkpoint": "/data3/user/yoshida/fwl_mae/neurips2026/checkpoints/paper/pruning0.7merging0.9-vit3d-neurips-refactered/vit3d_lr0.0001_timm-cosine_epoch50_div3_aug-only-cutmix0.2_0.8/0512/vit3d_ordered_pruning_light_finetune_epoch_50_20260512_150711_0.02485.pth"
}