{
  "compress": "none",
  "ae_ckpt": null,
  "ae_meta": null,
  "macro_f1": 0.5167886162116478,
  "macro_f1_4class": 0.6349176077824061,
  "ignore_visualize_labels": [],
  "per_class_f1": {
    "object": 0.6938993520461894,
    "glass": 0.2983270199716515,
    "ghost": 0.5581394766171026
  },
  "per_class_precision": {
    "object": 0.7305218003539552,
    "glass": 0.21793236100207825,
    "ghost": 0.4353213269961668
  },
  "per_class_recall": {
    "object": 0.6607735178951345,
    "glass": 0.47270756201649206,
    "ghost": 0.7774961510812493
  },
  "confusion_matrix": [
    [
      4516496904,
      28690715,
      11321165,
      25618797
    ],
    [
      23736106,
      101895514,
      22526538,
      6048255
    ],
    [
      4287651,
      6217466,
      9524449,
      119147
    ],
    [
      4001679,
      2679499,
      331541,
      24504574
    ]
  ],
  "checkpoint": "/data3/user/yoshida/fwl_mae/neurips2026/checkpoints/paper/pruning0.7merging0.9-vit3d-neurips-refactered/vit3d_lr0.0001_timm-cosine_epoch50_div3_aug-only-cutmix0.2_0.8/0512/vit3d_ordered_pruning_light_finetune_epoch_50_20260512_150711_0.02485.pth"
}