{
  "compress": "none",
  "ae_ckpt": null,
  "ae_meta": null,
  "macro_f1": 0.5167901151287416,
  "macro_f1_4class": 0.6349187387661077,
  "ignore_visualize_labels": [],
  "per_class_f1": {
    "object": 0.6939004049147695,
    "glass": 0.29832724804762184,
    "ghost": 0.5581426924238335
  },
  "per_class_precision": {
    "object": 0.730521954558065,
    "glass": 0.21793256223258684,
    "ghost": 0.4353253091361732
  },
  "per_class_recall": {
    "object": 0.6607753012191523,
    "glass": 0.47270776054033825,
    "ghost": 0.7774959289809565
  },
  "confusion_matrix": [
    [
      4516497130,
      28690798,
      11321152,
      25618501
    ],
    [
      23736072,
      101895789,
      22526525,
      6048027
    ],
    [
      4287663,
      6217450,
      9524453,
      119147
    ],
    [
      4001681,
      2679504,
      331541,
      24504567
    ]
  ],
  "checkpoint": "/data3/user/yoshida/fwl_mae/neurips2026/checkpoints/paper/pruning0.7merging0.9-vit3d-neurips-refactered/vit3d_lr0.0001_timm-cosine_epoch50_div3_aug-only-cutmix0.2_0.8/0512/vit3d_ordered_pruning_light_finetune_epoch_50_20260512_150711_0.02485.pth"
}