{
  "compress": "none",
  "ae_ckpt": null,
  "ae_meta": null,
  "macro_f1": 0.6616492223650811,
  "per_class_f1": {
    "object": 0.8007390194842182,
    "glass": 0.38017502994564717,
    "ghost": 0.8040336176653778
  },
  "per_class_precision": {
    "object": 0.9084958752287933,
    "glass": 0.2890597715333567,
    "ghost": 0.7716788325682563
  },
  "per_class_recall": {
    "object": 0.7158338414888102,
    "glass": 0.5551722832123323,
    "ghost": 0.8392202655221691
  },
  "macro_iou": 0.524894275148715,
  "confusion_matrix": [
    [
      0,
      0,
      0,
      0
    ],
    [
      9272469,
      110386169,
      26900558,
      7647217
    ],
    [
      1132928,
      7651092,
      11186007,
      178686
    ],
    [
      988950,
      3467054,
      611338,
      26449951
    ]
  ],
  "checkpoint": "/data3/user/yoshida/fwl_mae/neurips2026/checkpoints/paper/pruning0.7merging0.9-vit3d-neurips-refactered/vit3d_lr0.0001_timm-cosine_epoch50_div3_aug-only-cutmix0.2_0.8/0512/vit3d_ordered_pruning_light_finetune_epoch_50_20260512_150711_0.02485.pth"
}