{
  "compress": "ae",
  "ae_ckpt": "runs/real_split2_spatial_ah/spatial_K1024/checkpoint.pt",
  "ae_meta": {
    "T": 700,
    "K": 1024,
    "P": 16
  },
  "macro_f1": 0.4832958875174958,
  "macro_f1_4class": 0.6099061138413503,
  "ignore_visualize_labels": [],
  "per_class_f1": {
    "object": 0.6768674590045448,
    "glass": 0.25640659605943655,
    "ghost": 0.5166136074885063
  },
  "per_class_precision": {
    "object": 0.704561141775819,
    "glass": 0.19019650082931938,
    "ghost": 0.5724078438503042
  },
  "per_class_recall": {
    "object": 0.6512685116716076,
    "glass": 0.39333051978059275,
    "ghost": 0.4707301845711501
  },
  "confusion_matrix": [
    [
      4533731334,
      31235361,
      7613531,
      9790642
    ],
    [
      28869971,
      100800164,
      23809148,
      1295840
    ],
    [
      4704017,
      6958722,
      7576148,
      22644
    ],
    [
      11812737,
      4073768,
      834440,
      14871533
    ]
  ],
  "checkpoint": "/data3/user/yoshida/fwl_mae/neurips2026/checkpoints/paper/pruning0.7merging0.9-vit3d-neurips-refactered/vit3d_lr0.0001_timm-cosine_epoch50_div3_aug-only-cutmix0.2_0.8/0512/vit3d_ordered_pruning_light_finetune_epoch_50_20260512_150711_0.02485.pth"
}