{
  "compress": "ae",
  "ae_ckpt": "runs/real_split2_spatial_ah/spatial_K2048/checkpoint.pt",
  "ae_meta": {
    "T": 700,
    "K": 2048,
    "P": 16
  },
  "macro_f1": 0.4635767717785498,
  "macro_f1_4class": 0.5950218002780734,
  "ignore_visualize_labels": [],
  "per_class_f1": {
    "object": 0.6442491322408928,
    "glass": 0.24637455553937684,
    "ghost": 0.5001066275553798
  },
  "per_class_precision": {
    "object": 0.7016054434340472,
    "glass": 0.17715955890489823,
    "ghost": 0.5481336856504432
  },
  "per_class_recall": {
    "object": 0.5955618914287666,
    "glass": 0.40435207357089115,
    "ghost": 0.4598177452240372
  },
  "confusion_matrix": [
    [
      4535471167,
      28761668,
      7502880,
      10635153
    ],
    [
      33811645,
      92178165,
      27566248,
      1219065
    ],
    [
      5340601,
      6011229,
      7788440,
      121261
    ],
    [
      11529701,
      4430708,
      1105287,
      14526782
    ]
  ],
  "checkpoint": "/data3/user/yoshida/fwl_mae/neurips2026/checkpoints/paper/pruning0.7merging0.9-vit3d-neurips-refactered/vit3d_lr0.0001_timm-cosine_epoch50_div3_aug-only-cutmix0.2_0.8/0512/vit3d_ordered_pruning_light_finetune_epoch_50_20260512_150711_0.02485.pth"
}