{
  "compress": "ae",
  "ae_ckpt": "runs/real_split2_spatial_ah/spatial_K256/checkpoint.pt",
  "ae_meta": {
    "T": 700,
    "K": 256,
    "P": 16
  },
  "macro_f1": 0.45867637385964205,
  "macro_f1_4class": 0.591382271249042,
  "ignore_visualize_labels": [],
  "per_class_f1": {
    "object": 0.6581578650551064,
    "glass": 0.24975528749263237,
    "ghost": 0.4681159690311874
  },
  "per_class_precision": {
    "object": 0.700337547642075,
    "glass": 0.18058628980219882,
    "ghost": 0.5564149254733362
  },
  "per_class_recall": {
    "object": 0.6207703288337881,
    "glass": 0.40480593157418276,
    "ghost": 0.40400357325563385
  },
  "confusion_matrix": [
    [
      4535404918,
      29904779,
      8075194,
      8985977
    ],
    [
      31430672,
      96079804,
      26127210,
      1137437
    ],
    [
      5072822,
      6339645,
      7797182,
      51882
    ],
    [
      12785067,
      4866480,
      1177457,
      12763474
    ]
  ],
  "checkpoint": "/data3/user/yoshida/fwl_mae/neurips2026/checkpoints/paper/pruning0.7merging0.9-vit3d-neurips-refactered/vit3d_lr0.0001_timm-cosine_epoch50_div3_aug-only-cutmix0.2_0.8/0512/vit3d_ordered_pruning_light_finetune_epoch_50_20260512_150711_0.02485.pth"
}