{
  "compress": "ae",
  "ae_ckpt": "runs/real_split2_spatial_ah/spatial_K1024/checkpoint.pt",
  "ae_meta": {
    "T": 700,
    "K": 1024,
    "P": 16
  },
  "macro_f1": 0.4832959859230584,
  "macro_f1_4class": 0.6099061875898256,
  "ignore_visualize_labels": [],
  "per_class_f1": {
    "object": 0.6768673641612046,
    "glass": 0.2564068338365105,
    "ghost": 0.5166137597714602
  },
  "per_class_precision": {
    "object": 0.7045611479757168,
    "glass": 0.19019662896102651,
    "ghost": 0.5724078433226114
  },
  "per_class_recall": {
    "object": 0.651268330763982,
    "glass": 0.39333109086707596,
    "ghost": 0.4707304377959842
  },
  "confusion_matrix": [
    [
      4533731331,
      31235356,
      7613532,
      9790649
    ],
    [
      28869980,
      100800136,
      23809168,
      1295839
    ],
    [
      4704014,
      6958714,
      7576159,
      22644
    ],
    [
      11812730,
      4073768,
      834439,
      14871541
    ]
  ],
  "checkpoint": "/data3/user/yoshida/fwl_mae/neurips2026/checkpoints/paper/pruning0.7merging0.9-vit3d-neurips-refactered/vit3d_lr0.0001_timm-cosine_epoch50_div3_aug-only-cutmix0.2_0.8/0512/vit3d_ordered_pruning_light_finetune_epoch_50_20260512_150711_0.02485.pth"
}