{
  "compress": "ae",
  "ae_ckpt": "runs/real_split2_spatial_ah/spatial_K512/checkpoint.pt",
  "ae_meta": {
    "T": 700,
    "K": 512,
    "P": 16
  },
  "macro_f1": 0.46897001665497884,
  "macro_f1_4class": 0.5991160033326965,
  "ignore_visualize_labels": [],
  "per_class_f1": {
    "object": 0.662763228985306,
    "glass": 0.2582959037131266,
    "ghost": 0.48585091726650376
  },
  "per_class_precision": {
    "object": 0.6998187088217486,
    "glass": 0.18776640563380986,
    "ghost": 0.570452051492053
  },
  "per_class_recall": {
    "object": 0.6294345958943286,
    "glass": 0.4136862225541677,
    "ghost": 0.4231025182639994
  },
  "confusion_matrix": [
    [
      4534776128,
      30819394,
      7782279,
      8993067
    ],
    [
      30819027,
      97420817,
      25483726,
      1051553
    ],
    [
      4884795,
      6387940,
      7968230,
      20566
    ],
    [
      12442427,
      4580498,
      1202696,
      13366857
    ]
  ],
  "checkpoint": "/data3/user/yoshida/fwl_mae/neurips2026/checkpoints/paper/pruning0.7merging0.9-vit3d-neurips-refactered/vit3d_lr0.0001_timm-cosine_epoch50_div3_aug-only-cutmix0.2_0.8/0512/vit3d_ordered_pruning_light_finetune_epoch_50_20260512_150711_0.02485.pth"
}