{
  "compress": "ae",
  "ae_ckpt": "runs/real_split2_spatial_ah/spatial_K2048/checkpoint.pt",
  "ae_meta": {
    "T": 700,
    "K": 2048,
    "P": 16
  },
  "macro_f1": 0.4635756804342262,
  "macro_f1_4class": 0.5950209774804887,
  "ignore_visualize_labels": [],
  "per_class_f1": {
    "object": 0.6442483298345001,
    "glass": 0.2463724883641317,
    "ghost": 0.5001062231040467
  },
  "per_class_precision": {
    "object": 0.7016047775543287,
    "glass": 0.17715813876372435,
    "ghost": 0.5481336135210971
  },
  "per_class_recall": {
    "object": 0.595560999812612,
    "glass": 0.4043483355502738,
    "ghost": 0.459817112161952
  },
  "confusion_matrix": [
    [
      4535471167,
      28761704,
      7502845,
      10635152
    ],
    [
      33811740,
      92178027,
      27566303,
      1219053
    ],
    [
      5340641,
      6011261,
      7788368,
      121261
    ],
    [
      11529725,
      4430706,
      1105285,
      14526762
    ]
  ],
  "checkpoint": "/data3/user/yoshida/fwl_mae/neurips2026/checkpoints/paper/pruning0.7merging0.9-vit3d-neurips-refactered/vit3d_lr0.0001_timm-cosine_epoch50_div3_aug-only-cutmix0.2_0.8/0512/vit3d_ordered_pruning_light_finetune_epoch_50_20260512_150711_0.02485.pth"
}