{
  "compress": "ae",
  "ae_ckpt": "runs/real_split2_spatial_ah/spatial_K512/checkpoint.pt",
  "ae_meta": {
    "T": 700,
    "K": 512,
    "P": 16
  },
  "macro_f1": 0.4689705158291357,
  "macro_f1_4class": 0.5991163879373201,
  "ignore_visualize_labels": [],
  "per_class_f1": {
    "object": 0.6627638553649504,
    "glass": 0.2582961442581435,
    "ghost": 0.4858515478643131
  },
  "per_class_precision": {
    "object": 0.6998210799705245,
    "glass": 0.18776659569073345,
    "ghost": 0.5704540778529282
  },
  "per_class_recall": {
    "object": 0.62943380765396,
    "glass": 0.4136865340558858,
    "ghost": 0.4231023599984781
  },
  "confusion_matrix": [
    [
      4534776686,
      30818923,
      7782279,
      8992980
    ],
    [
      30819170,
      97420695,
      25483705,
      1051553
    ],
    [
      4884799,
      6387930,
      7968236,
      20566
    ],
    [
      12442471,
      4580455,
      1202700,
      13366852
    ]
  ],
  "checkpoint": "/data3/user/yoshida/fwl_mae/neurips2026/checkpoints/paper/pruning0.7merging0.9-vit3d-neurips-refactered/vit3d_lr0.0001_timm-cosine_epoch50_div3_aug-only-cutmix0.2_0.8/0512/vit3d_ordered_pruning_light_finetune_epoch_50_20260512_150711_0.02485.pth"
}