{
  "compress": "ae",
  "ae_ckpt": "runs/real_split2_spatial_ah/spatial_K128/checkpoint.pt",
  "ae_meta": {
    "T": 700,
    "K": 128,
    "P": 16
  },
  "macro_f1": 0.45167694224869664,
  "macro_f1_4class": 0.5860854414069413,
  "ignore_visualize_labels": [],
  "per_class_f1": {
    "object": 0.6473520137979902,
    "glass": 0.24767915972702212,
    "ghost": 0.4599996532210776
  },
  "per_class_precision": {
    "object": 0.7005041375353269,
    "glass": 0.1836976560508544,
    "ghost": 0.5319734872952303
  },
  "per_class_recall": {
    "object": 0.6016970698837694,
    "glass": 0.3800496440288158,
    "ghost": 0.40518040401895666
  },
  "confusion_matrix": [
    [
      4537729114,
      28863516,
      6612034,
      9166204
    ],
    [
      34477373,
      93127738,
      25135751,
      2034261
    ],
    [
      5425904,
      6453830,
      7320338,
      61459
    ],
    [
      13511226,
      4498796,
      781803,
      12800653
    ]
  ],
  "checkpoint": "/data3/user/yoshida/fwl_mae/neurips2026/checkpoints/paper/pruning0.7merging0.9-vit3d-neurips-refactered/vit3d_lr0.0001_timm-cosine_epoch50_div3_aug-only-cutmix0.2_0.8/0512/vit3d_ordered_pruning_light_finetune_epoch_50_20260512_150711_0.02485.pth"
}