{
  "compress": "ae",
  "ae_ckpt": "runs/real_split2_spatial_ah/spatial_K256/checkpoint.pt",
  "ae_meta": {
    "T": 700,
    "K": 256,
    "P": 16
  },
  "macro_f1": 0.4586767737824819,
  "macro_f1_4class": 0.5913825730784172,
  "ignore_visualize_labels": [],
  "per_class_f1": {
    "object": 0.6581582788597109,
    "glass": 0.24975554752525592,
    "ghost": 0.46811649496247887
  },
  "per_class_precision": {
    "object": 0.700337728176008,
    "glass": 0.1805865513632656,
    "ghost": 0.5564150306508965
  },
  "per_class_recall": {
    "object": 0.6207709232445578,
    "glass": 0.4048059834911358,
    "ghost": 0.40400430127703185
  },
  "confusion_matrix": [
    [
      4535404915,
      29904777,
      8075187,
      8985989
    ],
    [
      31430624,
      96079896,
      26127164,
      1137439
    ],
    [
      5072823,
      6339643,
      7797183,
      51882
    ],
    [
      12785041,
      4866488,
      1177452,
      12763497
    ]
  ],
  "checkpoint": "/data3/user/yoshida/fwl_mae/neurips2026/checkpoints/paper/pruning0.7merging0.9-vit3d-neurips-refactered/vit3d_lr0.0001_timm-cosine_epoch50_div3_aug-only-cutmix0.2_0.8/0512/vit3d_ordered_pruning_light_finetune_epoch_50_20260512_150711_0.02485.pth"
}