{
  "compress": "ae",
  "ae_ckpt": "runs/real_split2_spatial_ah/spatial_K128/checkpoint.pt",
  "ae_meta": {
    "T": 700,
    "K": 128,
    "P": 16
  },
  "macro_f1": 0.4516779174152605,
  "macro_f1_4class": 0.5860861803903886,
  "ignore_visualize_labels": [],
  "per_class_f1": {
    "object": 0.6473533891414617,
    "glass": 0.24767922970131248,
    "ghost": 0.4600011334030073
  },
  "per_class_precision": {
    "object": 0.7005062550633292,
    "glass": 0.18369778155149638,
    "ghost": 0.5319708444410164
  },
  "per_class_recall": {
    "object": 0.6016978839680844,
    "glass": 0.3800494363610037,
    "ghost": 0.40518423404457227
  },
  "confusion_matrix": [
    [
      4537729216,
      28863175,
      6612023,
      9166454
    ],
    [
      34477303,
      93127864,
      25135718,
      2034238
    ],
    [
      5425910,
      6453829,
      7320334,
      61458
    ],
    [
      13511112,
      4498790,
      781802,
      12800774
    ]
  ],
  "checkpoint": "/data3/user/yoshida/fwl_mae/neurips2026/checkpoints/paper/pruning0.7merging0.9-vit3d-neurips-refactered/vit3d_lr0.0001_timm-cosine_epoch50_div3_aug-only-cutmix0.2_0.8/0512/vit3d_ordered_pruning_light_finetune_epoch_50_20260512_150711_0.02485.pth"
}