{
  "feature_mode": "tdtaw",
  "K": 4,
  "checkpoint": "downstream/outputs/eventnet_sweep_v2/tdtaw_K4/best.pth",
  "frame_stride": 3,
  "n_frames": 485,
  "f1_mean": 0.5089840430456044,
  "object_f1": 0.7423612675189407,
  "glass_f1": 0.23530340652462572,
  "ghost_f1": 0.5492874550932467,
  "peak_per_class_f1": {
    "noise": 0.799315896518524,
    "object": 0.7423612675189407,
    "glass": 0.23530340652462572,
    "ghost": 0.5492874550932467
  },
  "event_level_f1_mean": 0.5040873673476077,
  "event_per_class_f1": {
    "noise": 0.8362368122873446,
    "object": 0.7370445639799903,
    "glass": 0.2356809816883745,
    "ghost": 0.5395365563744586
  },
  "peak_confusion_matrix": [
    [
      42090936,
      14212010,
      979347,
      4680883
    ],
    [
      727879,
      51481068,
      5035834,
      4421561
    ],
    [
      103764,
      6482660,
      1968425,
      120362
    ],
    [
      431645,
      4853378,
      72135,
      8884367
    ]
  ],
  "event_confusion_matrix": [
    [
      54144866,
      14143150,
      987905,
      5063802
    ],
    [
      541692,
      47890362,
      4729231,
      4138984
    ],
    [
      96667,
      6071560,
      1860022,
      111067
    ],
    [
      373542,
      4547078,
      67761,
      8379143
    ]
  ]
}