{
  "feature_mode": "tdta",
  "K": 4,
  "checkpoint": "downstream/outputs/eventnet_sweep_E/tdta_K4/best.pth",
  "frame_stride": 3,
  "n_frames": 485,
  "f1_mean": 0.5184934319540608,
  "object_f1": 0.7524319757606067,
  "glass_f1": 0.24761396584742812,
  "ghost_f1": 0.5554343542541479,
  "peak_per_class_f1": {
    "noise": 0.797801382048948,
    "object": 0.7524319757606067,
    "glass": 0.24761396584742812,
    "ghost": 0.5554343542541479
  },
  "event_level_f1_mean": 0.5135855075940005,
  "event_per_class_f1": {
    "noise": 0.8354182597174559,
    "object": 0.7466670242995781,
    "glass": 0.24812354884721294,
    "ghost": 0.5459659496352102
  },
  "peak_confusion_matrix": [
    [
      42182687,
      14329161,
      794705,
      4656623
    ],
    [
      828328,
      52688940,
      4760349,
      3388725
    ],
    [
      225702,
      6333699,
      2018645,
      97165
    ],
    [
      547447,
      5031568,
      55865,
      8606645
    ]
  ],
  "event_confusion_matrix": [
    [
      54276857,
      14258111,
      815988,
      4988767
    ],
    [
      633221,
      48965937,
      4510673,
      3190438
    ],
    [
      209245,
      5924226,
      1914644,
      91201
    ],
    [
      480314,
      4710154,
      52368,
      8124688
    ]
  ]
}