{
  "waveform_mse_mean": 0.001724011730402708,
  "waveform_mse_std": 0.0020966376177966595,
  "energy_abs_mean": 1.081936001777649,
  "energy_rel_mean": 0.0831046849489212,
  "peak_loc_error_mean": 1.423013923013923,
  "peak_loc_error_median": 1.0,
  "peak_count_mae": 1.3095,
  "peak_count_acc": 0.20375,
  "peak_recall": 0.9663632766125841,
  "peak_precision": 0.5754457623124656,
  "ghost_recall": 0.9361596009975063,
  "compression_ratio": 10.9375,
  "T": 700,
  "K": 64,
  "width_threshold": 7.0,
  "all_pos_err": 1.5630797773654916,
  "all_intensity_relerr": 0.20822939391099435,
  "all_fwhm_relerr": 0.3139388600497853,
  "all_recall": 0.970821325648415,
  "all_n": 5552,
  "narrow_pos_err": 1.7825836216839677,
  "narrow_intensity_relerr": 0.32760477952916967,
  "narrow_fwhm_relerr": 0.5733948481353326,
  "narrow_recall": 0.9574820541137493,
  "narrow_n": 1811,
  "wide_pos_err": 1.4589715536105032,
  "wide_intensity_relerr": 0.15161098071025153,
  "wide_fwhm_relerr": 0.19088178036150874,
  "wide_recall": 0.9772788024592355,
  "wide_n": 3741,
  "object_recall": 0.997065536354744,
  "object_n": 3067,
  "glass_recall": 0.9479166666666666,
  "glass_n": 480,
  "ghost_n": 2005,
  "all_precision": 0.5713982826248277,
  "encoder": "coarse_binning"
}