{
  "waveform_mse_mean": 0.0007358660222962499,
  "waveform_mse_std": 0.00036899533006362617,
  "energy_abs_mean": 3.171278953552246,
  "energy_rel_mean": 0.20155805349349976,
  "peak_loc_error_mean": 2.0690617370073245,
  "peak_loc_error_median": 1.0,
  "peak_count_mae": 1.997,
  "peak_count_acc": 0.133,
  "peak_recall": 0.7570636387641932,
  "peak_precision": 0.3756059216559675,
  "ghost_recall": 0.48573027420257414,
  "compression_ratio": 43.75,
  "T": 700,
  "K": 16,
  "ghost_proxy_precision": 0.5110041265474553,
  "ghost_proxy_recall": 0.622799664710813,
  "ghost_proxy_f1": 0.561390253116736,
  "ghost_proxy_f1_upperbound": 0.9447147279964617,
  "ghost_proxy_f1_retention": 0.5942431471427622,
  "width_threshold": 17.089962005615234,
  "all_pos_err": 1.9623680587425425,
  "all_intensity_relerr": 0.25525051455952646,
  "all_fwhm_relerr": 0.28254805295934543,
  "all_recall": 0.7702368328031106,
  "all_n": 2829,
  "narrow_pos_err": 1.6639118457300275,
  "narrow_intensity_relerr": 0.27314317153018125,
  "narrow_fwhm_relerr": 0.32790496037620503,
  "narrow_recall": 0.7707006369426752,
  "narrow_n": 1413,
  "wide_pos_err": 2.2605504587155965,
  "wide_intensity_relerr": 0.2373742728704962,
  "wide_fwhm_relerr": 0.23723275738415267,
  "wide_recall": 0.769774011299435,
  "wide_n": 1416,
  "all_precision": 0.38437114129476097,
  "encoder": "random_projection"
}