{
  "feature_mode": "taw",
  "K": 4,
  "checkpoint": "downstream/outputs/eventnet_loss/base_s42/best.pth",
  "frame_stride": 3,
  "n_frames": 485,
  "f1_mean": 0.5364604944591082,
  "object_f1": 0.7519333603112819,
  "glass_f1": 0.2664468067602447,
  "ghost_f1": 0.5910013163057978,
  "peak_per_class_f1": {
    "noise": 0.7894583866814886,
    "object": 0.7519333603112819,
    "glass": 0.2664468067602447,
    "ghost": 0.5910013163057978
  },
  "event_level_f1_mean": 0.53219607075967,
  "event_per_class_f1": {
    "noise": 0.8303868588896866,
    "object": 0.7468570151723288,
    "glass": 0.266925596605234,
    "ghost": 0.5828056005014471
  },
  "peak_confusion_matrix": [
    [
      41328996,
      14216020,
      1037034,
      5381126
    ],
    [
      773081,
      51747429,
      5648857,
      3496975
    ],
    [
      179144,
      6075616,
      2382098,
      38353
    ],
    [
      457755,
      3932931,
      137277,
      9713562
    ]
  ],
  "event_confusion_matrix": [
    [
      53586744,
      14108488,
      1036158,
      5608333
    ],
    [
      577714,
      48135767,
      5290722,
      3296066
    ],
    [
      165254,
      5689943,
      2248211,
      35908
    ],
    [
      395093,
      3667762,
      130819,
      9173850
    ]
  ]
}