{
  "feature_mode": "taw",
  "K": 4,
  "checkpoint": "downstream/outputs/eventnet_loss/glassw1p5_s42/best.pth",
  "frame_stride": 3,
  "n_frames": 485,
  "f1_mean": 0.5419767160387968,
  "object_f1": 0.7364756170396975,
  "glass_f1": 0.29955788759944973,
  "ghost_f1": 0.589896643477243,
  "peak_per_class_f1": {
    "noise": 0.7982674630289821,
    "object": 0.7364756170396975,
    "glass": 0.29955788759944973,
    "ghost": 0.589896643477243
  },
  "event_level_f1_mean": 0.5357189189776685,
  "event_per_class_f1": {
    "noise": 0.8347678366550176,
    "object": 0.7310401424055771,
    "glass": 0.29841617972548623,
    "ghost": 0.5777004348019423
  },
  "peak_confusion_matrix": [
    [
      41972906,
      13582130,
      1475793,
      4932347
    ],
    [
      737294,
      49243864,
      7737698,
      3947486
    ],
    [
      123323,
      5299842,
      3194596,
      57450
    ],
    [
      363308,
      3936252,
      245441,
      9696524
    ]
  ],
  "event_confusion_matrix": [
    [
      53955245,
      13479648,
      1499586,
      5405244
    ],
    [
      552690,
      45751875,
      7272877,
      3722827
    ],
    [
      115328,
      4964060,
      3005895,
      54033
    ],
    [
      307076,
      3673403,
      227983,
      9159062
    ]
  ]
}