{
  "waveform_mse_mean": 0.001841714489273727,
  "waveform_mse_std": 0.0017849871655926108,
  "energy_abs_mean": 1.7077306509017944,
  "energy_rel_mean": 0.1381973773241043,
  "peak_loc_error_mean": 1.166578080842127,
  "peak_loc_error_median": 1.0,
  "peak_count_mae": 1.2308782825896172,
  "peak_count_acc": 0.27614257746573956,
  "peak_recall": 0.968218902974771,
  "peak_precision": 0.5822658685527518,
  "ghost_recall": 0.9166097060833903,
  "compression_ratio": 0.341796875,
  "T": 700,
  "K": 2048,
  "width_threshold": 7.0,
  "all_pos_err": 1.4041013268998794,
  "all_intensity_relerr": 0.27558860468531216,
  "all_fwhm_relerr": 0.3104916598458447,
  "all_recall": 0.9650756693830035,
  "all_n": 5154,
  "narrow_pos_err": 1.5982905982905984,
  "narrow_intensity_relerr": 0.38751257683972185,
  "narrow_fwhm_relerr": 0.5717400832785448,
  "narrow_recall": 0.9590163934426229,
  "narrow_n": 1586,
  "wide_pos_err": 1.3185635679119607,
  "wide_intensity_relerr": 0.22628760218115423,
  "wide_fwhm_relerr": 0.19541524743891248,
  "wide_recall": 0.9677690582959642,
  "wide_n": 3568,
  "object_recall": 0.9901020723785957,
  "object_n": 3233,
  "glass_recall": 0.9432314410480349,
  "glass_n": 458,
  "ghost_n": 1463,
  "all_precision": 0.5302206587783819,
  "encoder": "spatial_separable",
  "K_perpixel": 128
}