{
  "feature_mode": "tdtaw",
  "K": 8,
  "checkpoint": "downstream/outputs/eventnet_sweep/tdtaw_K8/best.pth",
  "frame_stride": 3,
  "n_frames": 485,
  "f1_mean": 0.5227867642427501,
  "object_f1": 0.7498309726173948,
  "glass_f1": 0.277420200940906,
  "ghost_f1": 0.5411091191699494,
  "peak_per_class_f1": {
    "noise": 0.8019319837715536,
    "object": 0.7498309726173948,
    "glass": 0.277420200940906,
    "ghost": 0.5411091191699494
  },
  "event_level_f1_mean": 0.5152075008312317,
  "event_per_class_f1": {
    "noise": 0.8780810261940105,
    "object": 0.7445325373254856,
    "glass": 0.2770990518597537,
    "ghost": 0.5239909133084556
  },
  "peak_confusion_matrix": [
    [
      42522178,
      13864797,
      963934,
      4612267
    ],
    [
      844116,
      52084293,
      5424002,
      3313931
    ],
    [
      182274,
      5946626,
      2439006,
      107305
    ],
    [
      537594,
      5360699,
      81325,
      8261907
    ]
  ],
  "event_confusion_matrix": [
    [
      77169175,
      13691242,
      963513,
      5342259
    ],
    [
      765347,
      48459237,
      5091957,
      3100912
    ],
    [
      171079,
      5574368,
      2295768,
      100117
    ],
    [
      495987,
      5031291,
      77447,
      7787068
    ]
  ]
}