{
  "waveform_mse_mean": 0.00571472430601716,
  "waveform_mse_std": 0.004232900217175484,
  "energy_abs_mean": 6.023776531219482,
  "energy_rel_mean": 0.4159991443157196,
  "peak_loc_error_mean": 1.6713172177098146,
  "peak_loc_error_median": 1.0,
  "peak_count_mae": 1.3183601066525639,
  "peak_count_acc": 0.23387541041404994,
  "peak_recall": 0.8092065232452362,
  "peak_precision": 0.48606095257394716,
  "ghost_recall": 0.5847750865051903,
  "compression_ratio": 0.68359375,
  "T": 700,
  "K": 1024,
  "width_threshold": 9.0,
  "all_pos_err": 2.182443365695793,
  "all_intensity_relerr": 0.5428941921909156,
  "all_fwhm_relerr": 0.4501608864486234,
  "all_recall": 0.8595271210013908,
  "all_n": 5752,
  "narrow_pos_err": 2.117792015771316,
  "narrow_intensity_relerr": 0.4385680485018452,
  "narrow_fwhm_relerr": 0.3303914665915652,
  "narrow_recall": 0.8106272473032361,
  "narrow_n": 2503,
  "wide_pos_err": 2.2274442538593484,
  "wide_intensity_relerr": 0.6155109145048518,
  "wide_fwhm_relerr": 0.5335269766338622,
  "wide_recall": 0.8971991381963681,
  "wide_n": 3249,
  "object_recall": 0.9222391084093212,
  "object_n": 3948,
  "glass_recall": 0.9675925925925926,
  "glass_n": 648,
  "ghost_n": 1156,
  "all_precision": 0.5001011531458628,
  "encoder": "spatial_separable",
  "K_perpixel": 64
}