{
  "feature_mode": "taw",
  "K": 4,
  "checkpoint": "downstream/outputs/eventnet_vrex/vrex_b30_s42/best.pth",
  "frame_stride": 3,
  "n_frames": 485,
  "f1_mean": 0.5061729266382772,
  "object_f1": 0.7535213688937429,
  "glass_f1": 0.24981375142705606,
  "ghost_f1": 0.5151836595940326,
  "peak_per_class_f1": {
    "noise": 0.7887794309810028,
    "object": 0.7535213688937429,
    "glass": 0.24981375142705606,
    "ghost": 0.5151836595940326
  },
  "event_level_f1_mean": 0.49229040107338307,
  "event_per_class_f1": {
    "noise": 0.8113458193974126,
    "object": 0.745957184591305,
    "glass": 0.24693004831243195,
    "ghost": 0.48398397031641216
  },
  "peak_confusion_matrix": [
    [
      42084774,
      14345983,
      854733,
      4677686
    ],
    [
      1378276,
      52728880,
      4027047,
      3532139
    ],
    [
      96467,
      6491904,
      2009088,
      77752
    ],
    [
      1185906,
      4720135,
      518608,
      7816876
    ]
  ],
  "event_confusion_matrix": [
    [
      52330822,
      14640938,
      1028358,
      6339605
    ],
    [
      1163808,
      49048094,
      3772347,
      3316020
    ],
    [
      90984,
      6084809,
      1892081,
      71442
    ],
    [
      1072239,
      4429668,
      492732,
      7372885
    ]
  ]
}