{
  "feature_mode": "taw",
  "K": 4,
  "checkpoint": "downstream/outputs/eventnet_v2sa2/v2sa_s43/best.pth",
  "frame_stride": 3,
  "n_frames": 485,
  "f1_mean": 0.5242397533007725,
  "object_f1": 0.7537160116020512,
  "glass_f1": 0.242085598771769,
  "ghost_f1": 0.5769176495284976,
  "peak_per_class_f1": {
    "noise": 0.7955793882728361,
    "object": 0.7537160116020512,
    "glass": 0.242085598771769,
    "ghost": 0.5769176495284976
  },
  "event_level_f1_mean": 0.5195859572186386,
  "event_per_class_f1": {
    "noise": 0.8341941120743718,
    "object": 0.7487640085216247,
    "glass": 0.24232513047062706,
    "ghost": 0.567668732663664
  },
  "peak_confusion_matrix": [
    [
      41756127,
      13363672,
      819002,
      6024375
    ],
    [
      730515,
      51436571,
      4376834,
      5122422
    ],
    [
      102845,
      6574323,
      1917320,
      80723
    ],
    [
      417696,
      3447027,
      51650,
      10325152
    ]
  ],
  "event_confusion_matrix": [
    [
      53897526,
      13269979,
      840758,
      6331460
    ],
    [
      532476,
      47842170,
      4123296,
      4802327
    ],
    [
      95015,
      6155157,
      1813274,
      75870
    ],
    [
      355846,
      3222141,
      48985,
      9740552
    ]
  ]
}