{
  "feature_mode": "taw",
  "K": 4,
  "checkpoint": "downstream/outputs/eventnet_sweep_v2/taw_K4/best.pth",
  "frame_stride": 3,
  "n_frames": 485,
  "f1_mean": 0.5651545453716839,
  "object_f1": 0.7561019835711128,
  "glass_f1": 0.32609208429948133,
  "ghost_f1": 0.6132695682444574,
  "peak_per_class_f1": {
    "noise": 0.7968056609857798,
    "object": 0.7561019835711128,
    "glass": 0.32609208429948133,
    "ghost": 0.6132695682444574
  },
  "event_level_f1_mean": 0.5595333690835406,
  "event_per_class_f1": {
    "noise": 0.8344978859983007,
    "object": 0.7504511650714633,
    "glass": 0.32582082707247284,
    "ghost": 0.6023281151066856
  },
  "peak_confusion_matrix": [
    [
      41926637,
      14375930,
      1080544,
      4580065
    ],
    [
      748035,
      51893648,
      5844847,
      3179812
    ],
    [
      168126,
      5395899,
      3063536,
      47650
    ],
    [
      430821,
      3934447,
      125254,
      9751003
    ]
  ],
  "event_confusion_matrix": [
    [
      53996391,
      14313209,
      1085397,
      4944726
    ],
    [
      548821,
      48251034,
      5502993,
      2997421
    ],
    [
      155687,
      5049765,
      2889029,
      44835
    ],
    [
      369870,
      3677792,
      117116,
      9202746
    ]
  ]
}