{
  "waveform_mse_mean": 0.004622512962669134,
  "waveform_mse_std": 0.0041419039480388165,
  "energy_abs_mean": 3.258964776992798,
  "energy_rel_mean": 0.22633056342601776,
  "peak_loc_error_mean": 2.052214678305852,
  "peak_loc_error_median": 1.0,
  "peak_count_mae": 1.0465,
  "peak_count_acc": 0.28,
  "peak_recall": 0.7517316806416332,
  "peak_precision": 0.5165762004175365,
  "ghost_recall": 0.33835005574136007,
  "compression_ratio": 21.875,
  "T": 700,
  "K": 32,
  "width_threshold": 9.0,
  "all_pos_err": 2.0783630822812365,
  "all_intensity_relerr": 0.45008971153892774,
  "all_fwhm_relerr": 0.33378937659354235,
  "all_recall": 0.7549712407559572,
  "all_n": 6085,
  "narrow_pos_err": 2.6152380952380954,
  "narrow_intensity_relerr": 0.6034274595895311,
  "narrow_fwhm_relerr": 0.3300922146636432,
  "narrow_recall": 0.6009156810377718,
  "narrow_n": 2621,
  "wide_pos_err": 1.7982775753560782,
  "wide_intensity_relerr": 0.3700940331090832,
  "wide_fwhm_relerr": 0.33571817090940553,
  "wide_recall": 0.8715357967667436,
  "wide_n": 3464,
  "object_recall": 0.9491302055877702,
  "object_n": 3794,
  "glass_recall": 0.7766599597585513,
  "glass_n": 497,
  "ghost_n": 1794,
  "all_precision": 0.5327612199930418,
  "encoder": "dct_lowfreq"
}