{
  "waveform_mse_mean": 0.003564698388800025,
  "waveform_mse_std": 0.00266178697347641,
  "energy_abs_mean": 3.9422290325164795,
  "energy_rel_mean": 0.2720407247543335,
  "peak_loc_error_mean": 1.2251015548396134,
  "peak_loc_error_median": 1.0,
  "peak_count_mae": 1.0535,
  "peak_count_acc": 0.26725,
  "peak_recall": 0.8675416210961234,
  "peak_precision": 0.5956612432206926,
  "ghost_recall": 0.6098104793756968,
  "compression_ratio": 5.46875,
  "T": 700,
  "K": 128,
  "width_threshold": 9.0,
  "all_pos_err": 1.2734182025460763,
  "all_intensity_relerr": 0.4845386517124513,
  "all_fwhm_relerr": 0.45222196700702827,
  "all_recall": 0.8649137222678718,
  "all_n": 6085,
  "narrow_pos_err": 1.3282926829268293,
  "narrow_intensity_relerr": 0.4060136315894896,
  "narrow_fwhm_relerr": 0.3838077816492451,
  "narrow_recall": 0.7821442197634491,
  "narrow_n": 2621,
  "wide_pos_err": 1.2384064737005913,
  "wide_intensity_relerr": 0.5346402051678113,
  "wide_fwhm_relerr": 0.4958724743159157,
  "wide_recall": 0.9275404157043879,
  "wide_n": 3464,
  "object_recall": 0.9681075382182394,
  "object_n": 3794,
  "glass_recall": 0.9979879275653923,
  "glass_n": 497,
  "ghost_n": 1794,
  "all_precision": 0.6040399403190635,
  "encoder": "dct_lowfreq"
}