{
  "feature_mode": "ta",
  "K": 4,
  "checkpoint": "downstream/outputs/eventnet_sweep/ta_K4/best.pth",
  "frame_stride": 3,
  "n_frames": 485,
  "f1_mean": 0.5245485073516863,
  "object_f1": 0.7375008072801458,
  "glass_f1": 0.28149043657963896,
  "ghost_f1": 0.5546542781952742,
  "peak_per_class_f1": {
    "noise": 0.7892906282663147,
    "object": 0.7375008072801458,
    "glass": 0.28149043657963896,
    "ghost": 0.5546542781952742
  },
  "event_level_f1_mean": 0.5195269598688784,
  "event_per_class_f1": {
    "noise": 0.8289369452993858,
    "object": 0.732117968029643,
    "glass": 0.2811521474210571,
    "ghost": 0.545310764155935
  },
  "peak_confusion_matrix": [
    [
      41396160,
      14223813,
      1180908,
      5162295
    ],
    [
      924520,
      50303031,
      6151202,
      4287589
    ],
    [
      152999,
      5704671,
      2639486,
      178055
    ],
    [
      457739,
      4516993,
      106839,
      9159954
    ]
  ],
  "event_confusion_matrix": [
    [
      53510234,
      14126414,
      1191763,
      5511312
    ],
    [
      717723,
      46762534,
      5776811,
      4043201
    ],
    [
      142723,
      5341181,
      2487761,
      167651
    ],
    [
      395277,
      4215501,
      101251,
      8655495
    ]
  ]
}